2026-09-18T06:57:21Z INF Thank you for trying Cloudflare Tunnel. Doing so, without a Cloudflare account, is a quick way to experiment and try it out. However, be aware that these account-less Tunnels have no uptime guarantee, are subject to the Cloudflare Online Services Terms of Use (https://www.cloudflare.com/website-terms/), and Cloudflare reserves the right to investigate your use of Tunnels for violations of such terms. If you intend to use Tunnels in production you should use a pre-created named tunnel by following: https://developers.cloudflare.com/cloudflare-one/connections/connect-apps
2026-09-18T06:57:21Z INF Requesting new quick Tunnel on trycloudflare.com...
2026-09-18T06:57:27Z INF +--------------------------------------------------------------------------------------------+
2026-09-18T06:57:27Z INF |  Your quick Tunnel has been created! Visit it at (it may take some time to be reachable):  |
2026-09-18T06:57:27Z INF |  https://dealer-psychological-louisville-hart.trycloudflare.com                            |
2026-09-18T06:57:27Z INF +--------------------------------------------------------------------------------------------+
2026-09-18T06:57:27Z INF Cannot determine default configuration path. No file [config.yml config.yaml] in [~/.cloudflared ~/.cloudflare-warp ~/cloudflare-warp]
2026-09-18T06:57:27Z INF Version 2026.9.1 (Checksum 2837888cc0f5d58f15b6dc478376de90b4d3ba5241c7947455d1e0a0df429712)
2026-09-18T06:57:27Z INF GOOS: windows, GOVersion: go1.26.8, GoArch: amd64
2026-09-18T06:57:27Z INF Settings: map[ha-connections:1 no-autoupdate:true protocol:quic url:http://127.0.0.1:5000]
2026-09-18T06:57:27Z INF cloudflared will not automatically update on Windows systems.
2026-09-18T06:57:27Z INF Generated Connector ID: 3396d08b-23e1-4866-b4c6-c1d77cc974c2
2026-09-18T06:57:27Z INF Initial protocol quic
2026-09-18T06:57:27Z INF ICMP proxy will use 192.168.1.32 as source for IPv4
2026-09-18T06:57:27Z INF ICMP proxy will use 2401:4900:8822:d4cb:f4ca:f879:97d2:10c2 in zone Wi-Fi as source for IPv6
2026-09-18T06:57:27Z INF cloudflared does not support loading the system root certificate pool on Windows. Please use --origin-ca-pool <PATH> to specify the path to the certificate pool
2026-09-18T06:57:27Z INF ICMP proxy will use 192.168.1.32 as source for IPv4
2026-09-18T06:57:27Z INF Tunnel connection curve preferences: [X25519MLKEM768 CurveID(65074) CurveP256] connIndex=0 event=0 ip=2606:4700:a8::9
2026-09-18T06:57:27Z INF ICMP proxy will use 2401:4900:8822:d4cb:f4ca:f879:97d2:10c2 in zone Wi-Fi as source for IPv6
2026-09-18T06:57:27Z INF Starting metrics server on 127.0.0.1:20241/metrics
2026-09-18T06:57:28Z INF +-------------------------------------------------------------------------------------+
2026-09-18T06:57:28Z INF |                               CONNECTIVITY PRE-CHECKS                               |
2026-09-18T06:57:28Z INF +-------------------------------------------------------------------------------------+
2026-09-18T06:57:28Z INF |  COMPONENT         TARGET                     STATUS  DETAILS                       |
2026-09-18T06:57:28Z INF |  DNS Resolution    region1.v2.argotunnel.com  PASS    DNS Resolved successfully     |
2026-09-18T06:57:28Z INF |  DNS Resolution    region2.v2.argotunnel.com  PASS    DNS Resolved successfully     |
2026-09-18T06:57:28Z INF |  UDP Connectivity  region1.v2.argotunnel.com  PASS    QUIC connection successful    |
2026-09-18T06:57:28Z INF |  UDP Connectivity  region2.v2.argotunnel.com  PASS    QUIC connection successful    |
2026-09-18T06:57:28Z INF |  TCP Connectivity  region1.v2.argotunnel.com  PASS    HTTP/2 connection successful  |
2026-09-18T06:57:28Z INF |  TCP Connectivity  region2.v2.argotunnel.com  PASS    HTTP/2 connection successful  |
2026-09-18T06:57:28Z INF |  Cloudflare API    api.cloudflare.com:443     PASS    API is reachable              |
2026-09-18T06:57:28Z INF |                                                                                     |
2026-09-18T06:57:28Z INF |  SUMMARY: Environment is healthy. cloudflared will use 'quic' as primary protocol.  |
2026-09-18T06:57:28Z INF +-------------------------------------------------------------------------------------+
2026-09-18T06:57:28Z INF precheck component="DNS Resolution" details="DNS Resolved successfully" run_id=0202de98-b2cb-44d0-b512-0ee3b97960c6 status=pass target=region1.v2.argotunnel.com
2026-09-18T06:57:28Z INF precheck component="DNS Resolution" details="DNS Resolved successfully" run_id=0202de98-b2cb-44d0-b512-0ee3b97960c6 status=pass target=region2.v2.argotunnel.com
2026-09-18T06:57:28Z INF precheck component="UDP Connectivity" details="QUIC connection successful" run_id=0202de98-b2cb-44d0-b512-0ee3b97960c6 status=pass target=region1.v2.argotunnel.com
2026-09-18T06:57:28Z INF precheck component="UDP Connectivity" details="QUIC connection successful" run_id=0202de98-b2cb-44d0-b512-0ee3b97960c6 status=pass target=region2.v2.argotunnel.com
2026-09-18T06:57:28Z INF precheck component="TCP Connectivity" details="HTTP/2 connection successful" run_id=0202de98-b2cb-44d0-b512-0ee3b97960c6 status=pass target=region1.v2.argotunnel.com
2026-09-18T06:57:28Z INF precheck component="TCP Connectivity" details="HTTP/2 connection successful" run_id=0202de98-b2cb-44d0-b512-0ee3b97960c6 status=pass target=region2.v2.argotunnel.com
2026-09-18T06:57:28Z INF precheck component="Cloudflare API" details="API is reachable" run_id=0202de98-b2cb-44d0-b512-0ee3b97960c6 status=pass target=api.cloudflare.com:443
2026-09-18T06:57:28Z INF precheck complete hard_fail=false run_id=0202de98-b2cb-44d0-b512-0ee3b97960c6 suggested_protocol=quic
2026-09-18T06:57:28Z INF Registered tunnel connection connIndex=0 connection=9520134b-377a-4c6c-89f5-94fbbba4c4b0 event=0 ip=2606:4700:a8::9 location=bom08 protocol=quic
2026-09-18T07:02:53Z WRN Serve tunnel error error="accept stream listener error: failed to accept QUIC stream: write udp [::]:54613->[2606:4700:a8::9]:7844: wsasendto: A socket operation was attempted to an unreachable network." connIndex=0 event=0 ip=2606:4700:a8::9
2026-09-18T07:02:53Z INF Retrying connection in up to 1s connIndex=0 event=0 ip=2606:4700:a8::9
2026-09-18T07:02:55Z INF Tunnel connection curve preferences: [X25519MLKEM768 CurveID(65074) CurveP256] connIndex=0 event=0 ip=2606:4700:a8::9
2026-09-18T07:02:55Z ERR Failed to dial a quic connection error="failed to dial to edge with quic: write udp [::]:54613->[2606:4700:a8::9]:7844: wsasendto: A socket operation was attempted to an unreachable network." connIndex=0 event=0 ip=2606:4700:a8::9
2026-09-18T07:02:55Z INF Retrying connection in up to 4s connIndex=0 event=0 ip=2606:4700:a8::9
2026-09-18T07:02:57Z INF Tunnel connection curve preferences: [X25519MLKEM768 CurveID(65074) CurveP256] connIndex=0 event=0 ip=198.41.200.53
2026-09-18T07:02:57Z ERR Failed to dial a quic connection error="failed to dial to edge with quic: write udp [::]:54613->198.41.200.53:7844: wsasendto: A socket operation was attempted to an unreachable network." connIndex=0 event=0 ip=198.41.200.53
2026-09-18T07:02:57Z INF Retrying connection in up to 8s connIndex=0 event=0 ip=198.41.200.53
2026-09-18T07:02:58Z INF Tunnel connection curve preferences: [X25519MLKEM768 CurveID(65074) CurveP256] connIndex=0 event=0 ip=2606:4700:a8::1
2026-09-18T07:02:58Z ERR Failed to dial a quic connection error="failed to dial to edge with quic: write udp [::]:54613->[2606:4700:a8::1]:7844: wsasendto: A socket operation was attempted to an unreachable network." connIndex=0 event=0 ip=2606:4700:a8::1
2026-09-18T07:02:58Z INF Retrying connection in up to 16s connIndex=0 event=0 ip=2606:4700:a8::1
2026-09-18T07:05:23Z INF Tunnel connection curve preferences: [X25519MLKEM768 CurveID(65074) CurveP256] connIndex=0 event=0 ip=2606:4700:a0::2
2026-09-18T07:05:26Z INF Registered tunnel connection connIndex=0 connection=fe45122c-77c1-4da7-843d-1715370a04f4 event=0 ip=2606:4700:a0::2 location=bom03 protocol=quic
2026-09-18T07:09:50Z ERR  error="Incoming request ended abruptly: context canceled" connIndex=0 event=1 ingressRule=0 originService=http://127.0.0.1:5000
2026-09-18T07:09:50Z ERR Request failed error="Incoming request ended abruptly: context canceled" connIndex=0 dest=https://dealer-psychological-louisville-hart.trycloudflare.com/api/rides/GR-620563/location event=0 ip=2606:4700:a0::2 type=http
2026-09-18T07:25:01Z ERR Serve tunnel error error="datagram manager error: timeout: no recent network activity" connIndex=0 event=0 ip=2606:4700:a0::2
2026-09-18T07:25:01Z INF Retrying connection in up to 1s connIndex=0 event=0 ip=2606:4700:a0::2
2026-09-18T07:25:03Z INF Tunnel connection curve preferences: [X25519MLKEM768 CurveID(65074) CurveP256] connIndex=0 event=0 ip=198.41.192.27
2026-09-18T07:25:04Z INF Registered tunnel connection connIndex=0 connection=60d77cd8-c080-48ef-bc9a-490e531b4f77 event=0 ip=198.41.192.27 location=bom03 protocol=quic
2026-09-18T07:45:00Z ERR Serve tunnel error error="accept stream listener error: failed to accept QUIC stream: write udp [::]:54613->198.41.192.27:7844: wsasendto: A socket operation was attempted to an unreachable network." connIndex=0 event=0 ip=198.41.192.27
2026-09-18T07:45:00Z INF Retrying connection in up to 1s connIndex=0 event=0 ip=198.41.192.27
2026-09-18T07:45:01Z INF Tunnel connection curve preferences: [X25519MLKEM768 CurveID(65074) CurveP256] connIndex=0 event=0 ip=198.41.192.27
2026-09-18T07:45:01Z ERR Failed to dial a quic connection error="failed to dial to edge with quic: write udp [::]:54613->198.41.192.27:7844: wsasendto: A socket operation was attempted to an unreachable network." connIndex=0 event=0 ip=198.41.192.27
2026-09-18T07:45:01Z INF Retrying connection in up to 4s connIndex=0 event=0 ip=198.41.192.27
2026-09-18T07:45:02Z INF Tunnel connection curve preferences: [X25519MLKEM768 CurveID(65074) CurveP256] connIndex=0 event=0 ip=2606:4700:a0::1
2026-09-18T07:45:02Z ERR Failed to dial a quic connection error="failed to dial to edge with quic: write udp [::]:54613->[2606:4700:a0::1]:7844: wsasendto: A socket operation was attempted to an unreachable network." connIndex=0 event=0 ip=2606:4700:a0::1
2026-09-18T07:45:02Z INF Retrying connection in up to 8s connIndex=0 event=0 ip=2606:4700:a0::1
2026-09-18T07:45:23Z INF Tunnel connection curve preferences: [X25519MLKEM768 CurveID(65074) CurveP256] connIndex=0 event=0 ip=198.41.192.167
2026-09-18T07:45:23Z ERR Failed to dial a quic connection error="failed to dial to edge with quic: write udp [::]:54613->198.41.192.167:7844: wsasendto: A socket operation was attempted to an unreachable network." connIndex=0 event=0 ip=198.41.192.167
2026-09-18T07:45:23Z INF Retrying connection in up to 16s connIndex=0 event=0 ip=198.41.192.167
2026-09-18T07:45:26Z INF Tunnel connection curve preferences: [X25519MLKEM768 CurveID(65074) CurveP256] connIndex=0 event=0 ip=198.41.200.43
2026-09-18T07:45:27Z ERR Register tunnel error from server side error="Unauthorized: Tunnel not found" connIndex=0 event=0 ip=198.41.200.43
2026-09-18T07:45:27Z INF Retrying connection in up to 32s connIndex=0 event=0 ip=198.41.200.43
2026-09-18T07:45:50Z INF Tunnel connection curve preferences: [X25519MLKEM768 CurveID(65074) CurveP256] connIndex=0 event=0 ip=198.41.200.43
2026-09-18T07:45:50Z ERR Register tunnel error from server side error="Unauthorized: Tunnel not found" connIndex=0 event=0 ip=198.41.200.43
2026-09-18T07:45:50Z INF Retrying connection in up to 1m4s connIndex=0 event=0 ip=198.41.200.43
2026-09-18T07:46:06Z INF Tunnel connection curve preferences: [X25519MLKEM768 CurveID(65074) CurveP256] connIndex=0 event=0 ip=198.41.200.43
2026-09-18T07:46:06Z ERR Register tunnel error from server side error="Unauthorized: Tunnel not found" connIndex=0 event=0 ip=198.41.200.43
2026-09-18T07:46:06Z INF Retrying connection in up to 1m4s connIndex=0 event=0 ip=198.41.200.43
2026-09-18T07:46:31Z INF Tunnel connection curve preferences: [X25519MLKEM768 CurveID(65074) CurveP256] connIndex=0 event=0 ip=198.41.200.43
2026-09-18T07:46:31Z ERR Register tunnel error from server side error="Unauthorized: Tunnel not found" connIndex=0 event=0 ip=198.41.200.43
2026-09-18T07:46:31Z INF Retrying connection in up to 1m4s connIndex=0 event=0 ip=198.41.200.43
2026-09-18T07:46:59Z INF Tunnel connection curve preferences: [X25519MLKEM768 CurveID(65074) CurveP256] connIndex=0 event=0 ip=198.41.200.43
2026-09-18T07:47:00Z ERR Register tunnel error from server side error="Unauthorized: Tunnel not found" connIndex=0 event=0 ip=198.41.200.43
2026-09-18T07:47:00Z INF Retrying connection in up to 1m4s connIndex=0 event=0 ip=198.41.200.43
2026-09-18T07:47:19Z INF Tunnel connection curve preferences: [X25519MLKEM768 CurveID(65074) CurveP256] connIndex=0 event=0 ip=198.41.200.43
2026-09-18T07:47:19Z ERR Register tunnel error from server side error="Unauthorized: Tunnel not found" connIndex=0 event=0 ip=198.41.200.43
2026-09-18T07:47:19Z INF Retrying connection in up to 1m4s connIndex=0 event=0 ip=198.41.200.43
2026-09-18T07:47:31Z INF Tunnel connection curve preferences: [X25519MLKEM768 CurveID(65074) CurveP256] connIndex=0 event=0 ip=198.41.200.43
2026-09-18T07:47:31Z ERR Register tunnel error from server side error="Unauthorized: Tunnel not found" connIndex=0 event=0 ip=198.41.200.43
2026-09-18T07:47:31Z INF Retrying connection in up to 1m4s connIndex=0 event=0 ip=198.41.200.43
2026-09-18T07:47:49Z INF Tunnel connection curve preferences: [X25519MLKEM768 CurveID(65074) CurveP256] connIndex=0 event=0 ip=198.41.200.43
2026-09-18T07:47:49Z ERR Register tunnel error from server side error="Unauthorized: Tunnel not found" connIndex=0 event=0 ip=198.41.200.43
2026-09-18T07:47:49Z INF Retrying connection in up to 1m4s connIndex=0 event=0 ip=198.41.200.43
2026-09-18T07:47:49Z INF Tunnel connection curve preferences: [X25519MLKEM768 CurveID(65074) CurveP256] connIndex=0 event=0 ip=198.41.200.43
2026-09-18T07:47:50Z ERR Register tunnel error from server side error="Unauthorized: Tunnel not found" connIndex=0 event=0 ip=198.41.200.43
2026-09-18T07:47:50Z INF Retrying connection in up to 1m4s connIndex=0 event=0 ip=198.41.200.43
2026-09-18T07:48:01Z INF Tunnel connection curve preferences: [X25519MLKEM768 CurveID(65074) CurveP256] connIndex=0 event=0 ip=198.41.200.43
2026-09-18T07:48:02Z ERR Register tunnel error from server side error="Unauthorized: Tunnel not found" connIndex=0 event=0 ip=198.41.200.43
2026-09-18T07:48:02Z INF Retrying connection in up to 1m4s connIndex=0 event=0 ip=198.41.200.43
2026-09-18T07:48:31Z INF Tunnel connection curve preferences: [X25519MLKEM768 CurveID(65074) CurveP256] connIndex=0 event=0 ip=198.41.200.43
2026-09-18T07:48:36Z ERR Serve tunnel error error="accept stream listener error: failed to accept QUIC stream: timeout: no recent network activity" connIndex=0 event=0 ip=198.41.200.43
2026-09-18T07:48:36Z INF Retrying connection in up to 1m4s connIndex=0 event=0 ip=198.41.200.43
2026-09-18T07:48:44Z INF Tunnel connection curve preferences: [X25519MLKEM768 CurveID(65074) CurveP256] connIndex=0 event=0 ip=2606:4700:a8::6
2026-09-18T07:48:44Z ERR Register tunnel error from server side error="Unauthorized: Tunnel not found" connIndex=0 event=0 ip=2606:4700:a8::6
2026-09-18T07:48:44Z INF Retrying connection in up to 1m4s connIndex=0 event=0 ip=2606:4700:a8::6
2026-09-18T07:48:46Z INF Tunnel connection curve preferences: [X25519MLKEM768 CurveID(65074) CurveP256] connIndex=0 event=0 ip=2606:4700:a8::6
2026-09-18T07:48:46Z ERR Register tunnel error from server side error="Unauthorized: Tunnel not found" connIndex=0 event=0 ip=2606:4700:a8::6
2026-09-18T07:48:46Z INF Retrying connection in up to 1m4s connIndex=0 event=0 ip=2606:4700:a8::6
2026-09-18T07:49:11Z INF Tunnel connection curve preferences: [X25519MLKEM768 CurveID(65074) CurveP256] connIndex=0 event=0 ip=2606:4700:a8::6
2026-09-18T07:49:11Z ERR Register tunnel error from server side error="Unauthorized: Tunnel not found" connIndex=0 event=0 ip=2606:4700:a8::6
2026-09-18T07:49:11Z INF Retrying connection in up to 1m4s connIndex=0 event=0 ip=2606:4700:a8::6
2026-09-18T07:49:42Z INF Tunnel connection curve preferences: [X25519MLKEM768 CurveID(65074) CurveP256] connIndex=0 event=0 ip=2606:4700:a8::6
2026-09-18T07:49:42Z ERR Register tunnel error from server side error="Unauthorized: Tunnel not found" connIndex=0 event=0 ip=2606:4700:a8::6
2026-09-18T07:49:42Z INF Retrying connection in up to 1m4s connIndex=0 event=0 ip=2606:4700:a8::6
2026-09-18T07:49:56Z INF Tunnel connection curve preferences: [X25519MLKEM768 CurveID(65074) CurveP256] connIndex=0 event=0 ip=2606:4700:a8::6
2026-09-18T07:49:56Z ERR Register tunnel error from server side error="Unauthorized: Tunnel not found" connIndex=0 event=0 ip=2606:4700:a8::6
2026-09-18T07:49:56Z INF Retrying connection in up to 1m4s connIndex=0 event=0 ip=2606:4700:a8::6
2026-09-18T07:50:03Z INF Tunnel connection curve preferences: [X25519MLKEM768 CurveID(65074) CurveP256] connIndex=0 event=0 ip=2606:4700:a8::6
2026-09-18T07:50:03Z ERR Register tunnel error from server side error="Unauthorized: Tunnel not found" connIndex=0 event=0 ip=2606:4700:a8::6
2026-09-18T07:50:03Z INF Retrying connection in up to 1m4s connIndex=0 event=0 ip=2606:4700:a8::6
2026-09-18T07:53:54Z INF Tunnel connection curve preferences: [X25519MLKEM768 CurveID(65074) CurveP256] connIndex=0 event=0 ip=2606:4700:a8::6
2026-09-18T07:53:54Z ERR Failed to dial a quic connection error="failed to dial to edge with quic: write udp [::]:54613->[2606:4700:a8::6]:7844: wsasendto: A socket operation was attempted to an unreachable network." connIndex=0 event=0 ip=2606:4700:a8::6
2026-09-18T07:53:54Z INF Retrying connection in up to 1m4s connIndex=0 event=0 ip=2606:4700:a8::6
2026-09-18T07:53:57Z INF Tunnel connection curve preferences: [X25519MLKEM768 CurveID(65074) CurveP256] connIndex=0 event=0 ip=2606:4700:a0::8
2026-09-18T07:53:58Z ERR Register tunnel error from server side error="Unauthorized: Tunnel not found" connIndex=0 event=0 ip=2606:4700:a0::8
2026-09-18T07:53:58Z INF Retrying connection in up to 1m4s connIndex=0 event=0 ip=2606:4700:a0::8
2026-09-18T07:54:25Z INF Tunnel connection curve preferences: [X25519MLKEM768 CurveID(65074) CurveP256] connIndex=0 event=0 ip=2606:4700:a0::8
2026-09-18T07:54:25Z ERR Register tunnel error from server side error="Unauthorized: Tunnel not found" connIndex=0 event=0 ip=2606:4700:a0::8
2026-09-18T07:54:25Z INF Retrying connection in up to 1m4s connIndex=0 event=0 ip=2606:4700:a0::8
2026-09-18T07:54:32Z INF Tunnel connection curve preferences: [X25519MLKEM768 CurveID(65074) CurveP256] connIndex=0 event=0 ip=2606:4700:a0::8
2026-09-18T07:54:32Z ERR Register tunnel error from server side error="Unauthorized: Tunnel not found" connIndex=0 event=0 ip=2606:4700:a0::8
2026-09-18T07:54:32Z INF Retrying connection in up to 1m4s connIndex=0 event=0 ip=2606:4700:a0::8
2026-09-18T07:54:49Z INF Tunnel connection curve preferences: [X25519MLKEM768 CurveID(65074) CurveP256] connIndex=0 event=0 ip=2606:4700:a0::8
2026-09-18T07:54:50Z ERR Register tunnel error from server side error="Unauthorized: Tunnel not found" connIndex=0 event=0 ip=2606:4700:a0::8
2026-09-18T07:54:50Z INF Retrying connection in up to 1m4s connIndex=0 event=0 ip=2606:4700:a0::8
2026-09-18T07:55:03Z INF Tunnel connection curve preferences: [X25519MLKEM768 CurveID(65074) CurveP256] connIndex=0 event=0 ip=2606:4700:a0::8
2026-09-18T07:55:03Z ERR Register tunnel error from server side error="Unauthorized: Tunnel not found" connIndex=0 event=0 ip=2606:4700:a0::8
2026-09-18T07:55:03Z INF Retrying connection in up to 1m4s connIndex=0 event=0 ip=2606:4700:a0::8
2026-09-18T07:55:11Z INF Tunnel connection curve preferences: [X25519MLKEM768 CurveID(65074) CurveP256] connIndex=0 event=0 ip=2606:4700:a0::8
2026-09-18T07:55:11Z ERR Register tunnel error from server side error="Unauthorized: Tunnel not found" connIndex=0 event=0 ip=2606:4700:a0::8
2026-09-18T07:55:11Z INF Retrying connection in up to 1m4s connIndex=0 event=0 ip=2606:4700:a0::8
2026-09-18T07:55:41Z INF Tunnel connection curve preferences: [X25519MLKEM768 CurveID(65074) CurveP256] connIndex=0 event=0 ip=2606:4700:a0::8
2026-09-18T07:55:41Z ERR Register tunnel error from server side error="Unauthorized: Tunnel not found" connIndex=0 event=0 ip=2606:4700:a0::8
2026-09-18T07:55:41Z INF Retrying connection in up to 1m4s connIndex=0 event=0 ip=2606:4700:a0::8
2026-09-18T07:56:06Z INF Tunnel connection curve preferences: [X25519MLKEM768 CurveID(65074) CurveP256] connIndex=0 event=0 ip=2606:4700:a0::8
2026-09-18T07:56:06Z ERR Register tunnel error from server side error="Unauthorized: Tunnel not found" connIndex=0 event=0 ip=2606:4700:a0::8
2026-09-18T07:56:06Z INF Retrying connection in up to 1m4s connIndex=0 event=0 ip=2606:4700:a0::8
2026-09-18T07:56:09Z INF Tunnel connection curve preferences: [X25519MLKEM768 CurveID(65074) CurveP256] connIndex=0 event=0 ip=2606:4700:a0::8
2026-09-18T07:56:10Z ERR Register tunnel error from server side error="Unauthorized: Tunnel not found" connIndex=0 event=0 ip=2606:4700:a0::8
2026-09-18T07:56:10Z INF Retrying connection in up to 1m4s connIndex=0 event=0 ip=2606:4700:a0::8
2026-09-18T07:56:31Z INF Tunnel connection curve preferences: [X25519MLKEM768 CurveID(65074) CurveP256] connIndex=0 event=0 ip=2606:4700:a0::8
2026-09-18T07:56:31Z ERR Register tunnel error from server side error="Unauthorized: Tunnel not found" connIndex=0 event=0 ip=2606:4700:a0::8
2026-09-18T07:56:31Z INF Retrying connection in up to 1m4s connIndex=0 event=0 ip=2606:4700:a0::8
2026-09-18T07:57:01Z INF Tunnel connection curve preferences: [X25519MLKEM768 CurveID(65074) CurveP256] connIndex=0 event=0 ip=2606:4700:a0::8
2026-09-18T07:57:01Z ERR Register tunnel error from server side error="Unauthorized: Tunnel not found" connIndex=0 event=0 ip=2606:4700:a0::8
2026-09-18T07:57:01Z INF Retrying connection in up to 1m4s connIndex=0 event=0 ip=2606:4700:a0::8
2026-09-18T07:57:13Z INF Tunnel connection curve preferences: [X25519MLKEM768 CurveID(65074) CurveP256] connIndex=0 event=0 ip=2606:4700:a0::8
2026-09-18T07:57:13Z ERR Register tunnel error from server side error="Unauthorized: Tunnel not found" connIndex=0 event=0 ip=2606:4700:a0::8
2026-09-18T07:57:13Z INF Retrying connection in up to 1m4s connIndex=0 event=0 ip=2606:4700:a0::8
2026-09-18T07:57:21Z INF Tunnel connection curve preferences: [X25519MLKEM768 CurveID(65074) CurveP256] connIndex=0 event=0 ip=2606:4700:a0::8
2026-09-18T07:57:21Z ERR Register tunnel error from server side error="Unauthorized: Tunnel not found" connIndex=0 event=0 ip=2606:4700:a0::8
2026-09-18T07:57:21Z INF Retrying connection in up to 1m4s connIndex=0 event=0 ip=2606:4700:a0::8
2026-09-18T07:57:26Z INF Tunnel connection curve preferences: [X25519MLKEM768 CurveID(65074) CurveP256] connIndex=0 event=0 ip=2606:4700:a0::8
2026-09-18T07:57:26Z ERR Register tunnel error from server side error="Unauthorized: Tunnel not found" connIndex=0 event=0 ip=2606:4700:a0::8
2026-09-18T07:57:26Z INF Retrying connection in up to 1m4s connIndex=0 event=0 ip=2606:4700:a0::8
2026-09-18T07:57:56Z INF Tunnel connection curve preferences: [X25519MLKEM768 CurveID(65074) CurveP256] connIndex=0 event=0 ip=2606:4700:a0::8
2026-09-18T07:57:56Z ERR Register tunnel error from server side error="Unauthorized: Tunnel not found" connIndex=0 event=0 ip=2606:4700:a0::8
2026-09-18T07:57:56Z INF Retrying connection in up to 1m4s connIndex=0 event=0 ip=2606:4700:a0::8
2026-09-18T07:58:11Z INF Tunnel connection curve preferences: [X25519MLKEM768 CurveID(65074) CurveP256] connIndex=0 event=0 ip=2606:4700:a0::8
2026-09-18T07:58:11Z ERR Register tunnel error from server side error="Unauthorized: Tunnel not found" connIndex=0 event=0 ip=2606:4700:a0::8
2026-09-18T07:58:11Z INF Retrying connection in up to 1m4s connIndex=0 event=0 ip=2606:4700:a0::8
2026-09-18T07:58:38Z INF Tunnel connection curve preferences: [X25519MLKEM768 CurveID(65074) CurveP256] connIndex=0 event=0 ip=2606:4700:a0::8
2026-09-18T07:58:38Z ERR Register tunnel error from server side error="Unauthorized: Tunnel not found" connIndex=0 event=0 ip=2606:4700:a0::8
2026-09-18T07:58:38Z INF Retrying connection in up to 1m4s connIndex=0 event=0 ip=2606:4700:a0::8
2026-09-18T07:58:48Z INF Tunnel connection curve preferences: [X25519MLKEM768 CurveID(65074) CurveP256] connIndex=0 event=0 ip=2606:4700:a0::8
2026-09-18T07:58:48Z ERR Register tunnel error from server side error="Unauthorized: Tunnel not found" connIndex=0 event=0 ip=2606:4700:a0::8
2026-09-18T07:58:48Z INF Retrying connection in up to 1m4s connIndex=0 event=0 ip=2606:4700:a0::8
2026-09-18T07:58:57Z INF Tunnel connection curve preferences: [X25519MLKEM768 CurveID(65074) CurveP256] connIndex=0 event=0 ip=2606:4700:a0::8
2026-09-18T07:58:57Z ERR Register tunnel error from server side error="Unauthorized: Tunnel not found" connIndex=0 event=0 ip=2606:4700:a0::8
2026-09-18T07:58:57Z INF Retrying connection in up to 1m4s connIndex=0 event=0 ip=2606:4700:a0::8
2026-09-18T07:59:18Z INF Tunnel connection curve preferences: [X25519MLKEM768 CurveID(65074) CurveP256] connIndex=0 event=0 ip=2606:4700:a0::8
2026-09-18T07:59:18Z ERR Register tunnel error from server side error="Unauthorized: Tunnel not found" connIndex=0 event=0 ip=2606:4700:a0::8
2026-09-18T07:59:18Z INF Retrying connection in up to 1m4s connIndex=0 event=0 ip=2606:4700:a0::8
2026-09-18T07:59:38Z INF Tunnel connection curve preferences: [X25519MLKEM768 CurveID(65074) CurveP256] connIndex=0 event=0 ip=2606:4700:a0::8
2026-09-18T07:59:38Z ERR Register tunnel error from server side error="Unauthorized: Tunnel not found" connIndex=0 event=0 ip=2606:4700:a0::8
2026-09-18T07:59:38Z INF Retrying connection in up to 1m4s connIndex=0 event=0 ip=2606:4700:a0::8
2026-09-18T07:59:44Z INF Tunnel connection curve preferences: [X25519MLKEM768 CurveID(65074) CurveP256] connIndex=0 event=0 ip=2606:4700:a0::8
2026-09-18T07:59:44Z ERR Register tunnel error from server side error="Unauthorized: Tunnel not found" connIndex=0 event=0 ip=2606:4700:a0::8
2026-09-18T07:59:44Z INF Retrying connection in up to 1m4s connIndex=0 event=0 ip=2606:4700:a0::8
2026-09-18T07:59:57Z INF Tunnel connection curve preferences: [X25519MLKEM768 CurveID(65074) CurveP256] connIndex=0 event=0 ip=2606:4700:a0::8
2026-09-18T07:59:57Z ERR Register tunnel error from server side error="Unauthorized: Tunnel not found" connIndex=0 event=0 ip=2606:4700:a0::8
2026-09-18T07:59:57Z INF Retrying connection in up to 1m4s connIndex=0 event=0 ip=2606:4700:a0::8
2026-09-18T08:00:19Z INF Tunnel connection curve preferences: [X25519MLKEM768 CurveID(65074) CurveP256] connIndex=0 event=0 ip=2606:4700:a0::8
2026-09-18T08:00:19Z ERR Register tunnel error from server side error="Unauthorized: Tunnel not found" connIndex=0 event=0 ip=2606:4700:a0::8
2026-09-18T08:00:19Z INF Retrying connection in up to 1m4s connIndex=0 event=0 ip=2606:4700:a0::8
2026-09-18T08:00:34Z INF Tunnel connection curve preferences: [X25519MLKEM768 CurveID(65074) CurveP256] connIndex=0 event=0 ip=2606:4700:a0::8
2026-09-18T08:00:34Z ERR Register tunnel error from server side error="Unauthorized: Tunnel not found" connIndex=0 event=0 ip=2606:4700:a0::8
2026-09-18T08:00:34Z INF Retrying connection in up to 1m4s connIndex=0 event=0 ip=2606:4700:a0::8
2026-09-18T08:00:42Z INF Tunnel connection curve preferences: [X25519MLKEM768 CurveID(65074) CurveP256] connIndex=0 event=0 ip=2606:4700:a0::8
2026-09-18T08:00:42Z ERR Register tunnel error from server side error="Unauthorized: Tunnel not found" connIndex=0 event=0 ip=2606:4700:a0::8
2026-09-18T08:00:42Z INF Retrying connection in up to 1m4s connIndex=0 event=0 ip=2606:4700:a0::8
2026-09-18T08:00:59Z INF Tunnel connection curve preferences: [X25519MLKEM768 CurveID(65074) CurveP256] connIndex=0 event=0 ip=2606:4700:a0::8
2026-09-18T08:00:59Z ERR Register tunnel error from server side error="Unauthorized: Tunnel not found" connIndex=0 event=0 ip=2606:4700:a0::8
2026-09-18T08:00:59Z INF Retrying connection in up to 1m4s connIndex=0 event=0 ip=2606:4700:a0::8
2026-09-18T08:01:10Z INF Tunnel connection curve preferences: [X25519MLKEM768 CurveID(65074) CurveP256] connIndex=0 event=0 ip=2606:4700:a0::8
2026-09-18T08:01:10Z ERR Register tunnel error from server side error="Unauthorized: Tunnel not found" connIndex=0 event=0 ip=2606:4700:a0::8
2026-09-18T08:01:10Z INF Retrying connection in up to 1m4s connIndex=0 event=0 ip=2606:4700:a0::8
2026-09-18T08:01:40Z INF Tunnel connection curve preferences: [X25519MLKEM768 CurveID(65074) CurveP256] connIndex=0 event=0 ip=2606:4700:a0::8
2026-09-18T08:01:41Z ERR Register tunnel error from server side error="Unauthorized: Tunnel not found" connIndex=0 event=0 ip=2606:4700:a0::8
2026-09-18T08:01:41Z INF Retrying connection in up to 1m4s connIndex=0 event=0 ip=2606:4700:a0::8
2026-09-18T08:01:49Z INF Tunnel connection curve preferences: [X25519MLKEM768 CurveID(65074) CurveP256] connIndex=0 event=0 ip=2606:4700:a0::8
2026-09-18T08:01:49Z ERR Register tunnel error from server side error="Unauthorized: Tunnel not found" connIndex=0 event=0 ip=2606:4700:a0::8
2026-09-18T08:01:49Z INF Retrying connection in up to 1m4s connIndex=0 event=0 ip=2606:4700:a0::8
2026-09-18T08:02:04Z INF Tunnel connection curve preferences: [X25519MLKEM768 CurveID(65074) CurveP256] connIndex=0 event=0 ip=2606:4700:a0::8
2026-09-18T08:02:04Z ERR Register tunnel error from server side error="Unauthorized: Tunnel not found" connIndex=0 event=0 ip=2606:4700:a0::8
2026-09-18T08:02:04Z INF Retrying connection in up to 1m4s connIndex=0 event=0 ip=2606:4700:a0::8
2026-09-18T08:02:13Z INF Tunnel connection curve preferences: [X25519MLKEM768 CurveID(65074) CurveP256] connIndex=0 event=0 ip=2606:4700:a0::8
2026-09-18T08:02:13Z ERR Register tunnel error from server side error="Unauthorized: Tunnel not found" connIndex=0 event=0 ip=2606:4700:a0::8
2026-09-18T08:02:13Z INF Retrying connection in up to 1m4s connIndex=0 event=0 ip=2606:4700:a0::8
2026-09-18T08:02:35Z INF Tunnel connection curve preferences: [X25519MLKEM768 CurveID(65074) CurveP256] connIndex=0 event=0 ip=2606:4700:a0::8
2026-09-18T08:02:35Z ERR Register tunnel error from server side error="Unauthorized: Tunnel not found" connIndex=0 event=0 ip=2606:4700:a0::8
2026-09-18T08:02:35Z INF Retrying connection in up to 1m4s connIndex=0 event=0 ip=2606:4700:a0::8
2026-09-18T08:02:56Z INF Tunnel connection curve preferences: [X25519MLKEM768 CurveID(65074) CurveP256] connIndex=0 event=0 ip=2606:4700:a0::8
2026-09-18T08:02:56Z ERR Register tunnel error from server side error="Unauthorized: Tunnel not found" connIndex=0 event=0 ip=2606:4700:a0::8
2026-09-18T08:02:56Z INF Retrying connection in up to 1m4s connIndex=0 event=0 ip=2606:4700:a0::8
2026-09-18T08:02:58Z INF Tunnel connection curve preferences: [X25519MLKEM768 CurveID(65074) CurveP256] connIndex=0 event=0 ip=2606:4700:a0::8
2026-09-18T08:02:58Z ERR Register tunnel error from server side error="Unauthorized: Tunnel not found" connIndex=0 event=0 ip=2606:4700:a0::8
2026-09-18T08:02:58Z INF Retrying connection in up to 1m4s connIndex=0 event=0 ip=2606:4700:a0::8
2026-09-18T08:03:01Z INF Tunnel connection curve preferences: [X25519MLKEM768 CurveID(65074) CurveP256] connIndex=0 event=0 ip=2606:4700:a0::8
2026-09-18T08:03:01Z ERR Register tunnel error from server side error="Unauthorized: Tunnel not found" connIndex=0 event=0 ip=2606:4700:a0::8
2026-09-18T08:03:01Z INF Retrying connection in up to 1m4s connIndex=0 event=0 ip=2606:4700:a0::8
2026-09-18T08:03:16Z INF Tunnel connection curve preferences: [X25519MLKEM768 CurveID(65074) CurveP256] connIndex=0 event=0 ip=2606:4700:a0::8
2026-09-18T08:03:16Z ERR Register tunnel error from server side error="Unauthorized: Tunnel not found" connIndex=0 event=0 ip=2606:4700:a0::8
2026-09-18T08:03:16Z INF Retrying connection in up to 1m4s connIndex=0 event=0 ip=2606:4700:a0::8
2026-09-18T08:03:32Z INF Tunnel connection curve preferences: [X25519MLKEM768 CurveID(65074) CurveP256] connIndex=0 event=0 ip=2606:4700:a0::8
2026-09-18T08:03:32Z ERR Register tunnel error from server side error="Unauthorized: Tunnel not found" connIndex=0 event=0 ip=2606:4700:a0::8
2026-09-18T08:03:32Z INF Retrying connection in up to 1m4s connIndex=0 event=0 ip=2606:4700:a0::8
2026-09-18T08:03:51Z INF Tunnel connection curve preferences: [X25519MLKEM768 CurveID(65074) CurveP256] connIndex=0 event=0 ip=2606:4700:a0::8
2026-09-18T08:03:51Z ERR Register tunnel error from server side error="Unauthorized: Tunnel not found" connIndex=0 event=0 ip=2606:4700:a0::8
2026-09-18T08:03:51Z INF Retrying connection in up to 1m4s connIndex=0 event=0 ip=2606:4700:a0::8
2026-09-18T08:03:54Z INF Tunnel connection curve preferences: [X25519MLKEM768 CurveID(65074) CurveP256] connIndex=0 event=0 ip=2606:4700:a0::8
2026-09-18T08:03:54Z ERR Register tunnel error from server side error="Unauthorized: Tunnel not found" connIndex=0 event=0 ip=2606:4700:a0::8
2026-09-18T08:03:54Z INF Retrying connection in up to 1m4s connIndex=0 event=0 ip=2606:4700:a0::8
2026-09-18T08:04:00Z INF Tunnel connection curve preferences: [X25519MLKEM768 CurveID(65074) CurveP256] connIndex=0 event=0 ip=2606:4700:a0::8
2026-09-18T08:04:00Z ERR Register tunnel error from server side error="Unauthorized: Tunnel not found" connIndex=0 event=0 ip=2606:4700:a0::8
2026-09-18T08:04:00Z INF Retrying connection in up to 1m4s connIndex=0 event=0 ip=2606:4700:a0::8
2026-09-18T08:04:18Z INF Tunnel connection curve preferences: [X25519MLKEM768 CurveID(65074) CurveP256] connIndex=0 event=0 ip=2606:4700:a0::8
2026-09-18T08:04:18Z ERR Register tunnel error from server side error="Unauthorized: Tunnel not found" connIndex=0 event=0 ip=2606:4700:a0::8
2026-09-18T08:04:18Z INF Retrying connection in up to 1m4s connIndex=0 event=0 ip=2606:4700:a0::8
2026-09-18T08:04:33Z INF Tunnel connection curve preferences: [X25519MLKEM768 CurveID(65074) CurveP256] connIndex=0 event=0 ip=2606:4700:a0::8
2026-09-18T08:04:33Z ERR Register tunnel error from server side error="Unauthorized: Tunnel not found" connIndex=0 event=0 ip=2606:4700:a0::8
2026-09-18T08:04:33Z INF Retrying connection in up to 1m4s connIndex=0 event=0 ip=2606:4700:a0::8
2026-09-18T08:04:34Z INF Tunnel connection curve preferences: [X25519MLKEM768 CurveID(65074) CurveP256] connIndex=0 event=0 ip=2606:4700:a0::8
2026-09-18T08:04:34Z ERR Register tunnel error from server side error="Unauthorized: Tunnel not found" connIndex=0 event=0 ip=2606:4700:a0::8
2026-09-18T08:04:34Z INF Retrying connection in up to 1m4s connIndex=0 event=0 ip=2606:4700:a0::8
2026-09-18T08:04:58Z INF Tunnel connection curve preferences: [X25519MLKEM768 CurveID(65074) CurveP256] connIndex=0 event=0 ip=2606:4700:a0::8
2026-09-18T08:04:59Z ERR Register tunnel error from server side error="Unauthorized: Tunnel not found" connIndex=0 event=0 ip=2606:4700:a0::8
2026-09-18T08:04:59Z INF Retrying connection in up to 1m4s connIndex=0 event=0 ip=2606:4700:a0::8
2026-09-18T08:05:02Z INF Tunnel connection curve preferences: [X25519MLKEM768 CurveID(65074) CurveP256] connIndex=0 event=0 ip=2606:4700:a0::8
2026-09-18T08:05:02Z ERR Register tunnel error from server side error="Unauthorized: Tunnel not found" connIndex=0 event=0 ip=2606:4700:a0::8
2026-09-18T08:05:02Z INF Retrying connection in up to 1m4s connIndex=0 event=0 ip=2606:4700:a0::8
2026-09-18T08:05:19Z INF Tunnel connection curve preferences: [X25519MLKEM768 CurveID(65074) CurveP256] connIndex=0 event=0 ip=2606:4700:a0::8
2026-09-18T08:05:19Z ERR Register tunnel error from server side error="Unauthorized: Tunnel not found" connIndex=0 event=0 ip=2606:4700:a0::8
2026-09-18T08:05:19Z INF Retrying connection in up to 1m4s connIndex=0 event=0 ip=2606:4700:a0::8
2026-09-18T08:05:21Z INF Tunnel connection curve preferences: [X25519MLKEM768 CurveID(65074) CurveP256] connIndex=0 event=0 ip=2606:4700:a0::8
2026-09-18T08:05:21Z ERR Register tunnel error from server side error="Unauthorized: Tunnel not found" connIndex=0 event=0 ip=2606:4700:a0::8
2026-09-18T08:05:21Z INF Retrying connection in up to 1m4s connIndex=0 event=0 ip=2606:4700:a0::8
2026-09-18T08:05:22Z INF Tunnel connection curve preferences: [X25519MLKEM768 CurveID(65074) CurveP256] connIndex=0 event=0 ip=2606:4700:a0::8
2026-09-18T08:05:22Z ERR Register tunnel error from server side error="Unauthorized: Tunnel not found" connIndex=0 event=0 ip=2606:4700:a0::8
2026-09-18T08:05:22Z INF Retrying connection in up to 1m4s connIndex=0 event=0 ip=2606:4700:a0::8
2026-09-18T08:05:45Z INF Tunnel connection curve preferences: [X25519MLKEM768 CurveID(65074) CurveP256] connIndex=0 event=0 ip=2606:4700:a0::8
2026-09-18T08:05:45Z ERR Register tunnel error from server side error="Unauthorized: Tunnel not found" connIndex=0 event=0 ip=2606:4700:a0::8
2026-09-18T08:05:45Z INF Retrying connection in up to 1m4s connIndex=0 event=0 ip=2606:4700:a0::8
2026-09-18T08:05:58Z INF Tunnel connection curve preferences: [X25519MLKEM768 CurveID(65074) CurveP256] connIndex=0 event=0 ip=2606:4700:a0::8
2026-09-18T08:05:58Z ERR Register tunnel error from server side error="Unauthorized: Tunnel not found" connIndex=0 event=0 ip=2606:4700:a0::8
2026-09-18T08:05:58Z INF Retrying connection in up to 1m4s connIndex=0 event=0 ip=2606:4700:a0::8
2026-09-18T08:06:02Z INF Tunnel connection curve preferences: [X25519MLKEM768 CurveID(65074) CurveP256] connIndex=0 event=0 ip=2606:4700:a0::8
2026-09-18T08:06:02Z ERR Register tunnel error from server side error="Unauthorized: Tunnel not found" connIndex=0 event=0 ip=2606:4700:a0::8
2026-09-18T08:06:02Z INF Retrying connection in up to 1m4s connIndex=0 event=0 ip=2606:4700:a0::8
2026-09-18T08:06:25Z INF Tunnel connection curve preferences: [X25519MLKEM768 CurveID(65074) CurveP256] connIndex=0 event=0 ip=2606:4700:a0::8
2026-09-18T08:06:25Z ERR Register tunnel error from server side error="Unauthorized: Tunnel not found" connIndex=0 event=0 ip=2606:4700:a0::8
2026-09-18T08:06:25Z INF Retrying connection in up to 1m4s connIndex=0 event=0 ip=2606:4700:a0::8
2026-09-18T08:06:37Z INF Tunnel connection curve preferences: [X25519MLKEM768 CurveID(65074) CurveP256] connIndex=0 event=0 ip=2606:4700:a0::8
2026-09-18T08:06:37Z ERR Register tunnel error from server side error="Unauthorized: Tunnel not found" connIndex=0 event=0 ip=2606:4700:a0::8
2026-09-18T08:06:37Z INF Retrying connection in up to 1m4s connIndex=0 event=0 ip=2606:4700:a0::8
2026-09-18T08:06:53Z INF Tunnel connection curve preferences: [X25519MLKEM768 CurveID(65074) CurveP256] connIndex=0 event=0 ip=2606:4700:a0::8
2026-09-18T08:06:53Z ERR Register tunnel error from server side error="Unauthorized: Tunnel not found" connIndex=0 event=0 ip=2606:4700:a0::8
2026-09-18T08:06:53Z INF Retrying connection in up to 1m4s connIndex=0 event=0 ip=2606:4700:a0::8
2026-09-18T08:07:11Z INF Tunnel connection curve preferences: [X25519MLKEM768 CurveID(65074) CurveP256] connIndex=0 event=0 ip=2606:4700:a0::8
2026-09-18T08:07:11Z ERR Register tunnel error from server side error="Unauthorized: Tunnel not found" connIndex=0 event=0 ip=2606:4700:a0::8
2026-09-18T08:07:11Z INF Retrying connection in up to 1m4s connIndex=0 event=0 ip=2606:4700:a0::8
2026-09-18T08:07:20Z INF Tunnel connection curve preferences: [X25519MLKEM768 CurveID(65074) CurveP256] connIndex=0 event=0 ip=2606:4700:a0::8
2026-09-18T08:07:20Z ERR Register tunnel error from server side error="Unauthorized: Tunnel not found" connIndex=0 event=0 ip=2606:4700:a0::8
2026-09-18T08:07:20Z INF Retrying connection in up to 1m4s connIndex=0 event=0 ip=2606:4700:a0::8
2026-09-18T08:07:29Z INF Tunnel connection curve preferences: [X25519MLKEM768 CurveID(65074) CurveP256] connIndex=0 event=0 ip=2606:4700:a0::8
2026-09-18T08:07:29Z ERR Register tunnel error from server side error="Unauthorized: Tunnel not found" connIndex=0 event=0 ip=2606:4700:a0::8
2026-09-18T08:07:29Z INF Retrying connection in up to 1m4s connIndex=0 event=0 ip=2606:4700:a0::8
2026-09-18T08:07:39Z INF Tunnel connection curve preferences: [X25519MLKEM768 CurveID(65074) CurveP256] connIndex=0 event=0 ip=2606:4700:a0::8
2026-09-18T08:07:39Z ERR Register tunnel error from server side error="Unauthorized: Tunnel not found" connIndex=0 event=0 ip=2606:4700:a0::8
2026-09-18T08:07:39Z INF Retrying connection in up to 1m4s connIndex=0 event=0 ip=2606:4700:a0::8
2026-09-18T08:08:05Z INF Tunnel connection curve preferences: [X25519MLKEM768 CurveID(65074) CurveP256] connIndex=0 event=0 ip=2606:4700:a0::8
2026-09-18T08:08:05Z ERR Register tunnel error from server side error="Unauthorized: Tunnel not found" connIndex=0 event=0 ip=2606:4700:a0::8
2026-09-18T08:08:05Z INF Retrying connection in up to 1m4s connIndex=0 event=0 ip=2606:4700:a0::8
2026-09-18T08:08:24Z INF Tunnel connection curve preferences: [X25519MLKEM768 CurveID(65074) CurveP256] connIndex=0 event=0 ip=2606:4700:a0::8
2026-09-18T08:08:24Z ERR Register tunnel error from server side error="Unauthorized: Tunnel not found" connIndex=0 event=0 ip=2606:4700:a0::8
2026-09-18T08:08:24Z INF Retrying connection in up to 1m4s connIndex=0 event=0 ip=2606:4700:a0::8
2026-09-18T08:08:28Z INF Tunnel connection curve preferences: [X25519MLKEM768 CurveID(65074) CurveP256] connIndex=0 event=0 ip=2606:4700:a0::8
2026-09-18T08:08:28Z ERR Register tunnel error from server side error="Unauthorized: Tunnel not found" connIndex=0 event=0 ip=2606:4700:a0::8
2026-09-18T08:08:28Z INF Retrying connection in up to 1m4s connIndex=0 event=0 ip=2606:4700:a0::8
2026-09-18T08:08:51Z INF Tunnel connection curve preferences: [X25519MLKEM768 CurveID(65074) CurveP256] connIndex=0 event=0 ip=2606:4700:a0::8
2026-09-18T08:08:51Z ERR Register tunnel error from server side error="Unauthorized: Tunnel not found" connIndex=0 event=0 ip=2606:4700:a0::8
2026-09-18T08:08:51Z INF Retrying connection in up to 1m4s connIndex=0 event=0 ip=2606:4700:a0::8
2026-09-18T08:09:19Z INF Tunnel connection curve preferences: [X25519MLKEM768 CurveID(65074) CurveP256] connIndex=0 event=0 ip=2606:4700:a0::8
2026-09-18T08:09:19Z ERR Register tunnel error from server side error="Unauthorized: Tunnel not found" connIndex=0 event=0 ip=2606:4700:a0::8
2026-09-18T08:09:19Z INF Retrying connection in up to 1m4s connIndex=0 event=0 ip=2606:4700:a0::8
2026-09-18T08:09:22Z INF Tunnel connection curve preferences: [X25519MLKEM768 CurveID(65074) CurveP256] connIndex=0 event=0 ip=2606:4700:a0::8
2026-09-18T08:09:22Z ERR Register tunnel error from server side error="Unauthorized: Tunnel not found" connIndex=0 event=0 ip=2606:4700:a0::8
2026-09-18T08:09:22Z INF Retrying connection in up to 1m4s connIndex=0 event=0 ip=2606:4700:a0::8
2026-09-18T08:09:30Z INF Tunnel connection curve preferences: [X25519MLKEM768 CurveID(65074) CurveP256] connIndex=0 event=0 ip=2606:4700:a0::8
2026-09-18T08:09:30Z ERR Register tunnel error from server side error="Unauthorized: Tunnel not found" connIndex=0 event=0 ip=2606:4700:a0::8
2026-09-18T08:09:30Z INF Retrying connection in up to 1m4s connIndex=0 event=0 ip=2606:4700:a0::8
2026-09-18T08:10:01Z INF Tunnel connection curve preferences: [X25519MLKEM768 CurveID(65074) CurveP256] connIndex=0 event=0 ip=2606:4700:a0::8
2026-09-18T08:10:02Z ERR Register tunnel error from server side error="Unauthorized: Tunnel not found" connIndex=0 event=0 ip=2606:4700:a0::8
2026-09-18T08:10:02Z INF Retrying connection in up to 1m4s connIndex=0 event=0 ip=2606:4700:a0::8
2026-09-18T08:10:16Z INF Tunnel connection curve preferences: [X25519MLKEM768 CurveID(65074) CurveP256] connIndex=0 event=0 ip=2606:4700:a0::8
2026-09-18T08:10:16Z ERR Register tunnel error from server side error="Unauthorized: Tunnel not found" connIndex=0 event=0 ip=2606:4700:a0::8
2026-09-18T08:10:16Z INF Retrying connection in up to 1m4s connIndex=0 event=0 ip=2606:4700:a0::8
2026-09-18T08:10:43Z INF Tunnel connection curve preferences: [X25519MLKEM768 CurveID(65074) CurveP256] connIndex=0 event=0 ip=2606:4700:a0::8
2026-09-18T08:10:44Z ERR Register tunnel error from server side error="Unauthorized: Tunnel not found" connIndex=0 event=0 ip=2606:4700:a0::8
2026-09-18T08:10:44Z INF Retrying connection in up to 1m4s connIndex=0 event=0 ip=2606:4700:a0::8
2026-09-18T08:10:48Z INF Tunnel connection curve preferences: [X25519MLKEM768 CurveID(65074) CurveP256] connIndex=0 event=0 ip=2606:4700:a0::8
2026-09-18T08:10:48Z ERR Register tunnel error from server side error="Unauthorized: Tunnel not found" connIndex=0 event=0 ip=2606:4700:a0::8
2026-09-18T08:10:48Z INF Retrying connection in up to 1m4s connIndex=0 event=0 ip=2606:4700:a0::8
2026-09-18T08:11:10Z INF Tunnel connection curve preferences: [X25519MLKEM768 CurveID(65074) CurveP256] connIndex=0 event=0 ip=2606:4700:a0::8
2026-09-18T08:11:10Z ERR Register tunnel error from server side error="Unauthorized: Tunnel not found" connIndex=0 event=0 ip=2606:4700:a0::8
2026-09-18T08:11:10Z INF Retrying connection in up to 1m4s connIndex=0 event=0 ip=2606:4700:a0::8
2026-09-18T08:11:29Z INF Tunnel connection curve preferences: [X25519MLKEM768 CurveID(65074) CurveP256] connIndex=0 event=0 ip=2606:4700:a0::8
2026-09-18T08:11:29Z ERR Register tunnel error from server side error="Unauthorized: Tunnel not found" connIndex=0 event=0 ip=2606:4700:a0::8
2026-09-18T08:11:29Z INF Retrying connection in up to 1m4s connIndex=0 event=0 ip=2606:4700:a0::8
2026-09-18T08:11:39Z INF Tunnel connection curve preferences: [X25519MLKEM768 CurveID(65074) CurveP256] connIndex=0 event=0 ip=2606:4700:a0::8
2026-09-18T08:11:39Z ERR Register tunnel error from server side error="Unauthorized: Tunnel not found" connIndex=0 event=0 ip=2606:4700:a0::8
2026-09-18T08:11:39Z INF Retrying connection in up to 1m4s connIndex=0 event=0 ip=2606:4700:a0::8
2026-09-18T08:11:51Z INF Tunnel connection curve preferences: [X25519MLKEM768 CurveID(65074) CurveP256] connIndex=0 event=0 ip=2606:4700:a0::8
2026-09-18T08:11:51Z ERR Register tunnel error from server side error="Unauthorized: Tunnel not found" connIndex=0 event=0 ip=2606:4700:a0::8
2026-09-18T08:11:51Z INF Retrying connection in up to 1m4s connIndex=0 event=0 ip=2606:4700:a0::8
2026-09-18T08:12:14Z INF Tunnel connection curve preferences: [X25519MLKEM768 CurveID(65074) CurveP256] connIndex=0 event=0 ip=2606:4700:a0::8
2026-09-18T08:12:14Z ERR Register tunnel error from server side error="Unauthorized: Tunnel not found" connIndex=0 event=0 ip=2606:4700:a0::8
2026-09-18T08:12:14Z INF Retrying connection in up to 1m4s connIndex=0 event=0 ip=2606:4700:a0::8
2026-09-18T08:12:34Z INF Tunnel connection curve preferences: [X25519MLKEM768 CurveID(65074) CurveP256] connIndex=0 event=0 ip=2606:4700:a0::8
2026-09-18T08:12:34Z ERR Register tunnel error from server side error="Unauthorized: Tunnel not found" connIndex=0 event=0 ip=2606:4700:a0::8
2026-09-18T08:12:34Z INF Retrying connection in up to 1m4s connIndex=0 event=0 ip=2606:4700:a0::8
2026-09-18T08:12:47Z INF Tunnel connection curve preferences: [X25519MLKEM768 CurveID(65074) CurveP256] connIndex=0 event=0 ip=2606:4700:a0::8
2026-09-18T08:12:47Z ERR Register tunnel error from server side error="Unauthorized: Tunnel not found" connIndex=0 event=0 ip=2606:4700:a0::8
2026-09-18T08:12:47Z INF Retrying connection in up to 1m4s connIndex=0 event=0 ip=2606:4700:a0::8
2026-09-18T08:13:15Z INF Tunnel connection curve preferences: [X25519MLKEM768 CurveID(65074) CurveP256] connIndex=0 event=0 ip=2606:4700:a0::8
2026-09-18T08:13:15Z ERR Register tunnel error from server side error="Unauthorized: Tunnel not found" connIndex=0 event=0 ip=2606:4700:a0::8
2026-09-18T08:13:15Z INF Retrying connection in up to 1m4s connIndex=0 event=0 ip=2606:4700:a0::8
2026-09-18T08:13:37Z INF Tunnel connection curve preferences: [X25519MLKEM768 CurveID(65074) CurveP256] connIndex=0 event=0 ip=2606:4700:a0::8
2026-09-18T08:13:37Z ERR Register tunnel error from server side error="Unauthorized: Tunnel not found" connIndex=0 event=0 ip=2606:4700:a0::8
2026-09-18T08:13:37Z INF Retrying connection in up to 1m4s connIndex=0 event=0 ip=2606:4700:a0::8
2026-09-18T08:14:07Z INF Tunnel connection curve preferences: [X25519MLKEM768 CurveID(65074) CurveP256] connIndex=0 event=0 ip=2606:4700:a0::8
2026-09-18T08:14:07Z ERR Register tunnel error from server side error="Unauthorized: Tunnel not found" connIndex=0 event=0 ip=2606:4700:a0::8
2026-09-18T08:14:07Z INF Retrying connection in up to 1m4s connIndex=0 event=0 ip=2606:4700:a0::8
2026-09-18T08:14:13Z INF Tunnel connection curve preferences: [X25519MLKEM768 CurveID(65074) CurveP256] connIndex=0 event=0 ip=2606:4700:a0::8
2026-09-18T08:14:13Z ERR Register tunnel error from server side error="Unauthorized: Tunnel not found" connIndex=0 event=0 ip=2606:4700:a0::8
2026-09-18T08:14:13Z INF Retrying connection in up to 1m4s connIndex=0 event=0 ip=2606:4700:a0::8
2026-09-18T08:14:27Z INF Tunnel connection curve preferences: [X25519MLKEM768 CurveID(65074) CurveP256] connIndex=0 event=0 ip=2606:4700:a0::8
2026-09-18T08:14:28Z ERR Register tunnel error from server side error="Unauthorized: Tunnel not found" connIndex=0 event=0 ip=2606:4700:a0::8
2026-09-18T08:14:28Z INF Retrying connection in up to 1m4s connIndex=0 event=0 ip=2606:4700:a0::8
2026-09-18T08:14:45Z INF Tunnel connection curve preferences: [X25519MLKEM768 CurveID(65074) CurveP256] connIndex=0 event=0 ip=2606:4700:a0::8
2026-09-18T08:14:45Z ERR Register tunnel error from server side error="Unauthorized: Tunnel not found" connIndex=0 event=0 ip=2606:4700:a0::8
2026-09-18T08:14:45Z INF Retrying connection in up to 1m4s connIndex=0 event=0 ip=2606:4700:a0::8
2026-09-18T08:14:55Z INF Tunnel connection curve preferences: [X25519MLKEM768 CurveID(65074) CurveP256] connIndex=0 event=0 ip=2606:4700:a0::8
2026-09-18T08:14:55Z ERR Register tunnel error from server side error="Unauthorized: Tunnel not found" connIndex=0 event=0 ip=2606:4700:a0::8
2026-09-18T08:14:55Z INF Retrying connection in up to 1m4s connIndex=0 event=0 ip=2606:4700:a0::8
2026-09-18T08:15:12Z INF Tunnel connection curve preferences: [X25519MLKEM768 CurveID(65074) CurveP256] connIndex=0 event=0 ip=2606:4700:a0::8
2026-09-18T08:15:12Z ERR Register tunnel error from server side error="Unauthorized: Tunnel not found" connIndex=0 event=0 ip=2606:4700:a0::8
2026-09-18T08:15:12Z INF Retrying connection in up to 1m4s connIndex=0 event=0 ip=2606:4700:a0::8
2026-09-18T08:15:26Z INF Tunnel connection curve preferences: [X25519MLKEM768 CurveID(65074) CurveP256] connIndex=0 event=0 ip=2606:4700:a0::8
2026-09-18T08:15:26Z ERR Register tunnel error from server side error="Unauthorized: Tunnel not found" connIndex=0 event=0 ip=2606:4700:a0::8
2026-09-18T08:15:26Z INF Retrying connection in up to 1m4s connIndex=0 event=0 ip=2606:4700:a0::8
2026-09-18T08:15:54Z INF Tunnel connection curve preferences: [X25519MLKEM768 CurveID(65074) CurveP256] connIndex=0 event=0 ip=2606:4700:a0::8
2026-09-18T08:15:54Z ERR Register tunnel error from server side error="Unauthorized: Tunnel not found" connIndex=0 event=0 ip=2606:4700:a0::8
2026-09-18T08:15:54Z INF Retrying connection in up to 1m4s connIndex=0 event=0 ip=2606:4700:a0::8
2026-09-18T08:16:19Z INF Tunnel connection curve preferences: [X25519MLKEM768 CurveID(65074) CurveP256] connIndex=0 event=0 ip=2606:4700:a0::8
2026-09-18T08:16:19Z ERR Register tunnel error from server side error="Unauthorized: Tunnel not found" connIndex=0 event=0 ip=2606:4700:a0::8
2026-09-18T08:16:19Z INF Retrying connection in up to 1m4s connIndex=0 event=0 ip=2606:4700:a0::8
2026-09-18T08:16:25Z INF Tunnel connection curve preferences: [X25519MLKEM768 CurveID(65074) CurveP256] connIndex=0 event=0 ip=2606:4700:a0::8
2026-09-18T08:16:25Z ERR Register tunnel error from server side error="Unauthorized: Tunnel not found" connIndex=0 event=0 ip=2606:4700:a0::8
2026-09-18T08:16:25Z INF Retrying connection in up to 1m4s connIndex=0 event=0 ip=2606:4700:a0::8
2026-09-18T08:16:50Z INF Tunnel connection curve preferences: [X25519MLKEM768 CurveID(65074) CurveP256] connIndex=0 event=0 ip=2606:4700:a0::8
2026-09-18T08:16:50Z ERR Register tunnel error from server side error="Unauthorized: Tunnel not found" connIndex=0 event=0 ip=2606:4700:a0::8
2026-09-18T08:16:50Z INF Retrying connection in up to 1m4s connIndex=0 event=0 ip=2606:4700:a0::8
2026-09-18T08:17:09Z INF Tunnel connection curve preferences: [X25519MLKEM768 CurveID(65074) CurveP256] connIndex=0 event=0 ip=2606:4700:a0::8
2026-09-18T08:17:09Z ERR Register tunnel error from server side error="Unauthorized: Tunnel not found" connIndex=0 event=0 ip=2606:4700:a0::8
2026-09-18T08:17:09Z INF Retrying connection in up to 1m4s connIndex=0 event=0 ip=2606:4700:a0::8
2026-09-18T08:17:24Z INF Tunnel connection curve preferences: [X25519MLKEM768 CurveID(65074) CurveP256] connIndex=0 event=0 ip=2606:4700:a0::8
2026-09-18T08:17:24Z ERR Register tunnel error from server side error="Unauthorized: Tunnel not found" connIndex=0 event=0 ip=2606:4700:a0::8
2026-09-18T08:17:24Z INF Retrying connection in up to 1m4s connIndex=0 event=0 ip=2606:4700:a0::8
2026-09-18T08:17:46Z INF Tunnel connection curve preferences: [X25519MLKEM768 CurveID(65074) CurveP256] connIndex=0 event=0 ip=2606:4700:a0::8
2026-09-18T08:17:46Z ERR Register tunnel error from server side error="Unauthorized: Tunnel not found" connIndex=0 event=0 ip=2606:4700:a0::8
2026-09-18T08:17:46Z INF Retrying connection in up to 1m4s connIndex=0 event=0 ip=2606:4700:a0::8
2026-09-18T08:17:50Z INF Tunnel connection curve preferences: [X25519MLKEM768 CurveID(65074) CurveP256] connIndex=0 event=0 ip=2606:4700:a0::8
2026-09-18T08:17:50Z ERR Register tunnel error from server side error="Unauthorized: Tunnel not found" connIndex=0 event=0 ip=2606:4700:a0::8
2026-09-18T08:17:50Z INF Retrying connection in up to 1m4s connIndex=0 event=0 ip=2606:4700:a0::8
2026-09-18T08:17:53Z INF Tunnel connection curve preferences: [X25519MLKEM768 CurveID(65074) CurveP256] connIndex=0 event=0 ip=2606:4700:a0::8
2026-09-18T08:17:53Z ERR Register tunnel error from server side error="Unauthorized: Tunnel not found" connIndex=0 event=0 ip=2606:4700:a0::8
2026-09-18T08:17:53Z INF Retrying connection in up to 1m4s connIndex=0 event=0 ip=2606:4700:a0::8
2026-09-18T08:18:02Z INF Tunnel connection curve preferences: [X25519MLKEM768 CurveID(65074) CurveP256] connIndex=0 event=0 ip=2606:4700:a0::8
2026-09-18T08:18:02Z ERR Register tunnel error from server side error="Unauthorized: Tunnel not found" connIndex=0 event=0 ip=2606:4700:a0::8
2026-09-18T08:18:02Z INF Retrying connection in up to 1m4s connIndex=0 event=0 ip=2606:4700:a0::8
2026-09-18T08:18:30Z INF Tunnel connection curve preferences: [X25519MLKEM768 CurveID(65074) CurveP256] connIndex=0 event=0 ip=2606:4700:a0::8
2026-09-18T08:18:30Z ERR Register tunnel error from server side error="Unauthorized: Tunnel not found" connIndex=0 event=0 ip=2606:4700:a0::8
2026-09-18T08:18:30Z INF Retrying connection in up to 1m4s connIndex=0 event=0 ip=2606:4700:a0::8
2026-09-18T08:18:48Z INF Tunnel connection curve preferences: [X25519MLKEM768 CurveID(65074) CurveP256] connIndex=0 event=0 ip=2606:4700:a0::8
2026-09-18T08:18:49Z ERR Register tunnel error from server side error="Unauthorized: Tunnel not found" connIndex=0 event=0 ip=2606:4700:a0::8
2026-09-18T08:18:49Z INF Retrying connection in up to 1m4s connIndex=0 event=0 ip=2606:4700:a0::8
2026-09-18T08:19:02Z INF Tunnel connection curve preferences: [X25519MLKEM768 CurveID(65074) CurveP256] connIndex=0 event=0 ip=2606:4700:a0::8
2026-09-18T08:19:02Z ERR Register tunnel error from server side error="Unauthorized: Tunnel not found" connIndex=0 event=0 ip=2606:4700:a0::8
2026-09-18T08:19:02Z INF Retrying connection in up to 1m4s connIndex=0 event=0 ip=2606:4700:a0::8
2026-09-18T08:19:20Z INF Tunnel connection curve preferences: [X25519MLKEM768 CurveID(65074) CurveP256] connIndex=0 event=0 ip=2606:4700:a0::8
2026-09-18T08:19:20Z ERR Register tunnel error from server side error="Unauthorized: Tunnel not found" connIndex=0 event=0 ip=2606:4700:a0::8
2026-09-18T08:19:20Z INF Retrying connection in up to 1m4s connIndex=0 event=0 ip=2606:4700:a0::8
2026-09-18T08:19:39Z INF Tunnel connection curve preferences: [X25519MLKEM768 CurveID(65074) CurveP256] connIndex=0 event=0 ip=2606:4700:a0::8
2026-09-18T08:19:39Z ERR Register tunnel error from server side error="Unauthorized: Tunnel not found" connIndex=0 event=0 ip=2606:4700:a0::8
2026-09-18T08:19:39Z INF Retrying connection in up to 1m4s connIndex=0 event=0 ip=2606:4700:a0::8
2026-09-18T08:20:11Z INF Tunnel connection curve preferences: [X25519MLKEM768 CurveID(65074) CurveP256] connIndex=0 event=0 ip=2606:4700:a0::8
2026-09-18T08:20:11Z ERR Register tunnel error from server side error="Unauthorized: Tunnel not found" connIndex=0 event=0 ip=2606:4700:a0::8
2026-09-18T08:20:11Z INF Retrying connection in up to 1m4s connIndex=0 event=0 ip=2606:4700:a0::8
2026-09-18T08:20:16Z INF Tunnel connection curve preferences: [X25519MLKEM768 CurveID(65074) CurveP256] connIndex=0 event=0 ip=2606:4700:a0::8
2026-09-18T08:20:16Z ERR Register tunnel error from server side error="Unauthorized: Tunnel not found" connIndex=0 event=0 ip=2606:4700:a0::8
2026-09-18T08:20:16Z INF Retrying connection in up to 1m4s connIndex=0 event=0 ip=2606:4700:a0::8
2026-09-18T08:20:21Z INF Tunnel connection curve preferences: [X25519MLKEM768 CurveID(65074) CurveP256] connIndex=0 event=0 ip=2606:4700:a0::8
2026-09-18T08:20:21Z ERR Register tunnel error from server side error="Unauthorized: Tunnel not found" connIndex=0 event=0 ip=2606:4700:a0::8
2026-09-18T08:20:21Z INF Retrying connection in up to 1m4s connIndex=0 event=0 ip=2606:4700:a0::8
2026-09-18T08:20:35Z INF Tunnel connection curve preferences: [X25519MLKEM768 CurveID(65074) CurveP256] connIndex=0 event=0 ip=2606:4700:a0::8
2026-09-18T08:20:35Z ERR Register tunnel error from server side error="Unauthorized: Tunnel not found" connIndex=0 event=0 ip=2606:4700:a0::8
2026-09-18T08:20:35Z INF Retrying connection in up to 1m4s connIndex=0 event=0 ip=2606:4700:a0::8
2026-09-18T08:20:44Z INF Tunnel connection curve preferences: [X25519MLKEM768 CurveID(65074) CurveP256] connIndex=0 event=0 ip=2606:4700:a0::8
2026-09-18T08:20:45Z ERR Register tunnel error from server side error="Unauthorized: Tunnel not found" connIndex=0 event=0 ip=2606:4700:a0::8
2026-09-18T08:20:45Z INF Retrying connection in up to 1m4s connIndex=0 event=0 ip=2606:4700:a0::8
2026-09-18T08:20:45Z INF Tunnel connection curve preferences: [X25519MLKEM768 CurveID(65074) CurveP256] connIndex=0 event=0 ip=2606:4700:a0::8
2026-09-18T08:20:45Z ERR Register tunnel error from server side error="Unauthorized: Tunnel not found" connIndex=0 event=0 ip=2606:4700:a0::8
2026-09-18T08:20:45Z INF Retrying connection in up to 1m4s connIndex=0 event=0 ip=2606:4700:a0::8
2026-09-18T08:21:04Z INF Tunnel connection curve preferences: [X25519MLKEM768 CurveID(65074) CurveP256] connIndex=0 event=0 ip=2606:4700:a0::8
2026-09-18T08:21:04Z ERR Register tunnel error from server side error="Unauthorized: Tunnel not found" connIndex=0 event=0 ip=2606:4700:a0::8
2026-09-18T08:21:04Z INF Retrying connection in up to 1m4s connIndex=0 event=0 ip=2606:4700:a0::8
2026-09-18T08:21:17Z INF Tunnel connection curve preferences: [X25519MLKEM768 CurveID(65074) CurveP256] connIndex=0 event=0 ip=2606:4700:a0::8
2026-09-18T08:21:17Z ERR Register tunnel error from server side error="Unauthorized: Tunnel not found" connIndex=0 event=0 ip=2606:4700:a0::8
2026-09-18T08:21:17Z INF Retrying connection in up to 1m4s connIndex=0 event=0 ip=2606:4700:a0::8
2026-09-18T08:21:39Z INF Tunnel connection curve preferences: [X25519MLKEM768 CurveID(65074) CurveP256] connIndex=0 event=0 ip=2606:4700:a0::8
2026-09-18T08:21:39Z ERR Register tunnel error from server side error="Unauthorized: Tunnel not found" connIndex=0 event=0 ip=2606:4700:a0::8
2026-09-18T08:21:39Z INF Retrying connection in up to 1m4s connIndex=0 event=0 ip=2606:4700:a0::8
2026-09-18T08:21:40Z INF Tunnel connection curve preferences: [X25519MLKEM768 CurveID(65074) CurveP256] connIndex=0 event=0 ip=2606:4700:a0::8
2026-09-18T08:21:40Z ERR Register tunnel error from server side error="Unauthorized: Tunnel not found" connIndex=0 event=0 ip=2606:4700:a0::8
2026-09-18T08:21:40Z INF Retrying connection in up to 1m4s connIndex=0 event=0 ip=2606:4700:a0::8
2026-09-18T08:21:42Z INF Tunnel connection curve preferences: [X25519MLKEM768 CurveID(65074) CurveP256] connIndex=0 event=0 ip=2606:4700:a0::8
2026-09-18T08:21:42Z ERR Register tunnel error from server side error="Unauthorized: Tunnel not found" connIndex=0 event=0 ip=2606:4700:a0::8
2026-09-18T08:21:42Z INF Retrying connection in up to 1m4s connIndex=0 event=0 ip=2606:4700:a0::8
2026-09-18T08:22:04Z INF Tunnel connection curve preferences: [X25519MLKEM768 CurveID(65074) CurveP256] connIndex=0 event=0 ip=2606:4700:a0::8
2026-09-18T08:22:04Z ERR Register tunnel error from server side error="Unauthorized: Tunnel not found" connIndex=0 event=0 ip=2606:4700:a0::8
2026-09-18T08:22:04Z INF Retrying connection in up to 1m4s connIndex=0 event=0 ip=2606:4700:a0::8
2026-09-18T08:22:35Z INF Tunnel connection curve preferences: [X25519MLKEM768 CurveID(65074) CurveP256] connIndex=0 event=0 ip=2606:4700:a0::8
2026-09-18T08:22:35Z ERR Register tunnel error from server side error="Unauthorized: Tunnel not found" connIndex=0 event=0 ip=2606:4700:a0::8
2026-09-18T08:22:35Z INF Retrying connection in up to 1m4s connIndex=0 event=0 ip=2606:4700:a0::8
2026-09-18T08:22:48Z INF Tunnel connection curve preferences: [X25519MLKEM768 CurveID(65074) CurveP256] connIndex=0 event=0 ip=2606:4700:a0::8
2026-09-18T08:22:48Z ERR Register tunnel error from server side error="Unauthorized: Tunnel not found" connIndex=0 event=0 ip=2606:4700:a0::8
2026-09-18T08:22:48Z INF Retrying connection in up to 1m4s connIndex=0 event=0 ip=2606:4700:a0::8
2026-09-18T08:23:05Z INF Tunnel connection curve preferences: [X25519MLKEM768 CurveID(65074) CurveP256] connIndex=0 event=0 ip=2606:4700:a0::8
2026-09-18T08:23:05Z ERR Register tunnel error from server side error="Unauthorized: Tunnel not found" connIndex=0 event=0 ip=2606:4700:a0::8
2026-09-18T08:23:05Z INF Retrying connection in up to 1m4s connIndex=0 event=0 ip=2606:4700:a0::8
2026-09-18T08:23:31Z INF Tunnel connection curve preferences: [X25519MLKEM768 CurveID(65074) CurveP256] connIndex=0 event=0 ip=2606:4700:a0::8
2026-09-18T08:23:31Z ERR Register tunnel error from server side error="Unauthorized: Tunnel not found" connIndex=0 event=0 ip=2606:4700:a0::8
2026-09-18T08:23:31Z INF Retrying connection in up to 1m4s connIndex=0 event=0 ip=2606:4700:a0::8
2026-09-18T08:23:59Z INF Tunnel connection curve preferences: [X25519MLKEM768 CurveID(65074) CurveP256] connIndex=0 event=0 ip=2606:4700:a0::8
2026-09-18T08:23:59Z ERR Register tunnel error from server side error="Unauthorized: Tunnel not found" connIndex=0 event=0 ip=2606:4700:a0::8
2026-09-18T08:23:59Z INF Retrying connection in up to 1m4s connIndex=0 event=0 ip=2606:4700:a0::8
2026-09-18T08:24:30Z INF Tunnel connection curve preferences: [X25519MLKEM768 CurveID(65074) CurveP256] connIndex=0 event=0 ip=2606:4700:a0::8
2026-09-18T08:24:30Z ERR Register tunnel error from server side error="Unauthorized: Tunnel not found" connIndex=0 event=0 ip=2606:4700:a0::8
2026-09-18T08:24:30Z INF Retrying connection in up to 1m4s connIndex=0 event=0 ip=2606:4700:a0::8
2026-09-18T08:24:34Z INF Tunnel connection curve preferences: [X25519MLKEM768 CurveID(65074) CurveP256] connIndex=0 event=0 ip=2606:4700:a0::8
2026-09-18T08:24:34Z ERR Register tunnel error from server side error="Unauthorized: Tunnel not found" connIndex=0 event=0 ip=2606:4700:a0::8
2026-09-18T08:24:34Z INF Retrying connection in up to 1m4s connIndex=0 event=0 ip=2606:4700:a0::8
2026-09-18T08:24:43Z INF Tunnel connection curve preferences: [X25519MLKEM768 CurveID(65074) CurveP256] connIndex=0 event=0 ip=2606:4700:a0::8
2026-09-18T08:24:43Z ERR Register tunnel error from server side error="Unauthorized: Tunnel not found" connIndex=0 event=0 ip=2606:4700:a0::8
2026-09-18T08:24:43Z INF Retrying connection in up to 1m4s connIndex=0 event=0 ip=2606:4700:a0::8
2026-09-18T08:25:07Z INF Tunnel connection curve preferences: [X25519MLKEM768 CurveID(65074) CurveP256] connIndex=0 event=0 ip=2606:4700:a0::8
2026-09-18T08:25:07Z ERR Register tunnel error from server side error="Unauthorized: Tunnel not found" connIndex=0 event=0 ip=2606:4700:a0::8
2026-09-18T08:25:07Z INF Retrying connection in up to 1m4s connIndex=0 event=0 ip=2606:4700:a0::8
2026-09-18T08:25:27Z INF Tunnel connection curve preferences: [X25519MLKEM768 CurveID(65074) CurveP256] connIndex=0 event=0 ip=2606:4700:a0::8
2026-09-18T08:25:27Z ERR Register tunnel error from server side error="Unauthorized: Tunnel not found" connIndex=0 event=0 ip=2606:4700:a0::8
2026-09-18T08:25:27Z INF Retrying connection in up to 1m4s connIndex=0 event=0 ip=2606:4700:a0::8
2026-09-18T08:25:49Z INF Tunnel connection curve preferences: [X25519MLKEM768 CurveID(65074) CurveP256] connIndex=0 event=0 ip=2606:4700:a0::8
2026-09-18T08:25:49Z ERR Register tunnel error from server side error="Unauthorized: Tunnel not found" connIndex=0 event=0 ip=2606:4700:a0::8
2026-09-18T08:25:49Z INF Retrying connection in up to 1m4s connIndex=0 event=0 ip=2606:4700:a0::8
2026-09-18T08:26:19Z INF Tunnel connection curve preferences: [X25519MLKEM768 CurveID(65074) CurveP256] connIndex=0 event=0 ip=2606:4700:a0::8
2026-09-18T08:26:19Z ERR Register tunnel error from server side error="Unauthorized: Tunnel not found" connIndex=0 event=0 ip=2606:4700:a0::8
2026-09-18T08:26:19Z INF Retrying connection in up to 1m4s connIndex=0 event=0 ip=2606:4700:a0::8
2026-09-18T08:26:50Z INF Tunnel connection curve preferences: [X25519MLKEM768 CurveID(65074) CurveP256] connIndex=0 event=0 ip=2606:4700:a0::8
2026-09-18T08:26:50Z ERR Register tunnel error from server side error="Unauthorized: Tunnel not found" connIndex=0 event=0 ip=2606:4700:a0::8
2026-09-18T08:26:50Z INF Retrying connection in up to 1m4s connIndex=0 event=0 ip=2606:4700:a0::8
2026-09-18T08:27:10Z INF Tunnel connection curve preferences: [X25519MLKEM768 CurveID(65074) CurveP256] connIndex=0 event=0 ip=2606:4700:a0::8
2026-09-18T08:27:10Z ERR Register tunnel error from server side error="Unauthorized: Tunnel not found" connIndex=0 event=0 ip=2606:4700:a0::8
2026-09-18T08:27:10Z INF Retrying connection in up to 1m4s connIndex=0 event=0 ip=2606:4700:a0::8
2026-09-18T08:27:31Z INF Tunnel connection curve preferences: [X25519MLKEM768 CurveID(65074) CurveP256] connIndex=0 event=0 ip=2606:4700:a0::8
2026-09-18T08:27:31Z ERR Register tunnel error from server side error="Unauthorized: Tunnel not found" connIndex=0 event=0 ip=2606:4700:a0::8
2026-09-18T08:27:31Z INF Retrying connection in up to 1m4s connIndex=0 event=0 ip=2606:4700:a0::8
2026-09-18T08:27:45Z INF Tunnel connection curve preferences: [X25519MLKEM768 CurveID(65074) CurveP256] connIndex=0 event=0 ip=2606:4700:a0::8
2026-09-18T08:27:45Z ERR Register tunnel error from server side error="Unauthorized: Tunnel not found" connIndex=0 event=0 ip=2606:4700:a0::8
2026-09-18T08:27:45Z INF Retrying connection in up to 1m4s connIndex=0 event=0 ip=2606:4700:a0::8
2026-09-18T08:27:49Z INF Tunnel connection curve preferences: [X25519MLKEM768 CurveID(65074) CurveP256] connIndex=0 event=0 ip=2606:4700:a0::8
2026-09-18T08:27:49Z ERR Register tunnel error from server side error="Unauthorized: Tunnel not found" connIndex=0 event=0 ip=2606:4700:a0::8
2026-09-18T08:27:49Z INF Retrying connection in up to 1m4s connIndex=0 event=0 ip=2606:4700:a0::8
2026-09-18T08:28:10Z INF Tunnel connection curve preferences: [X25519MLKEM768 CurveID(65074) CurveP256] connIndex=0 event=0 ip=2606:4700:a0::8
2026-09-18T08:28:10Z ERR Register tunnel error from server side error="Unauthorized: Tunnel not found" connIndex=0 event=0 ip=2606:4700:a0::8
2026-09-18T08:28:10Z INF Retrying connection in up to 1m4s connIndex=0 event=0 ip=2606:4700:a0::8
2026-09-18T08:28:19Z INF Tunnel connection curve preferences: [X25519MLKEM768 CurveID(65074) CurveP256] connIndex=0 event=0 ip=2606:4700:a0::8
2026-09-18T08:28:19Z ERR Register tunnel error from server side error="Unauthorized: Tunnel not found" connIndex=0 event=0 ip=2606:4700:a0::8
2026-09-18T08:28:19Z INF Retrying connection in up to 1m4s connIndex=0 event=0 ip=2606:4700:a0::8
2026-09-18T08:28:51Z INF Tunnel connection curve preferences: [X25519MLKEM768 CurveID(65074) CurveP256] connIndex=0 event=0 ip=2606:4700:a0::8
2026-09-18T08:28:51Z ERR Register tunnel error from server side error="Unauthorized: Tunnel not found" connIndex=0 event=0 ip=2606:4700:a0::8
2026-09-18T08:28:51Z INF Retrying connection in up to 1m4s connIndex=0 event=0 ip=2606:4700:a0::8
2026-09-18T08:29:23Z INF Tunnel connection curve preferences: [X25519MLKEM768 CurveID(65074) CurveP256] connIndex=0 event=0 ip=2606:4700:a0::8
2026-09-18T08:29:23Z ERR Register tunnel error from server side error="Unauthorized: Tunnel not found" connIndex=0 event=0 ip=2606:4700:a0::8
2026-09-18T08:29:23Z INF Retrying connection in up to 1m4s connIndex=0 event=0 ip=2606:4700:a0::8
2026-09-18T08:29:38Z INF Tunnel connection curve preferences: [X25519MLKEM768 CurveID(65074) CurveP256] connIndex=0 event=0 ip=2606:4700:a0::8
2026-09-18T08:29:39Z ERR Register tunnel error from server side error="Unauthorized: Tunnel not found" connIndex=0 event=0 ip=2606:4700:a0::8
2026-09-18T08:29:39Z INF Retrying connection in up to 1m4s connIndex=0 event=0 ip=2606:4700:a0::8
2026-09-18T08:29:55Z INF Tunnel connection curve preferences: [X25519MLKEM768 CurveID(65074) CurveP256] connIndex=0 event=0 ip=2606:4700:a0::8
2026-09-18T08:29:55Z ERR Register tunnel error from server side error="Unauthorized: Tunnel not found" connIndex=0 event=0 ip=2606:4700:a0::8
2026-09-18T08:29:55Z INF Retrying connection in up to 1m4s connIndex=0 event=0 ip=2606:4700:a0::8
2026-09-18T08:30:23Z INF Tunnel connection curve preferences: [X25519MLKEM768 CurveID(65074) CurveP256] connIndex=0 event=0 ip=2606:4700:a0::8
2026-09-18T08:30:23Z ERR Register tunnel error from server side error="Unauthorized: Tunnel not found" connIndex=0 event=0 ip=2606:4700:a0::8
2026-09-18T08:30:23Z INF Retrying connection in up to 1m4s connIndex=0 event=0 ip=2606:4700:a0::8
2026-09-18T08:30:48Z INF Tunnel connection curve preferences: [X25519MLKEM768 CurveID(65074) CurveP256] connIndex=0 event=0 ip=2606:4700:a0::8
2026-09-18T08:30:48Z ERR Register tunnel error from server side error="Unauthorized: Tunnel not found" connIndex=0 event=0 ip=2606:4700:a0::8
2026-09-18T08:30:48Z INF Retrying connection in up to 1m4s connIndex=0 event=0 ip=2606:4700:a0::8
2026-09-18T08:30:56Z INF Tunnel connection curve preferences: [X25519MLKEM768 CurveID(65074) CurveP256] connIndex=0 event=0 ip=2606:4700:a0::8
2026-09-18T08:30:56Z ERR Register tunnel error from server side error="Unauthorized: Tunnel not found" connIndex=0 event=0 ip=2606:4700:a0::8
2026-09-18T08:30:56Z INF Retrying connection in up to 1m4s connIndex=0 event=0 ip=2606:4700:a0::8
2026-09-18T08:31:24Z INF Tunnel connection curve preferences: [X25519MLKEM768 CurveID(65074) CurveP256] connIndex=0 event=0 ip=2606:4700:a0::8
2026-09-18T08:31:24Z ERR Register tunnel error from server side error="Unauthorized: Tunnel not found" connIndex=0 event=0 ip=2606:4700:a0::8
2026-09-18T08:31:24Z INF Retrying connection in up to 1m4s connIndex=0 event=0 ip=2606:4700:a0::8
2026-09-18T08:31:37Z INF Tunnel connection curve preferences: [X25519MLKEM768 CurveID(65074) CurveP256] connIndex=0 event=0 ip=2606:4700:a0::8
2026-09-18T08:31:37Z ERR Register tunnel error from server side error="Unauthorized: Tunnel not found" connIndex=0 event=0 ip=2606:4700:a0::8
2026-09-18T08:31:37Z INF Retrying connection in up to 1m4s connIndex=0 event=0 ip=2606:4700:a0::8
2026-09-18T08:31:53Z INF Tunnel connection curve preferences: [X25519MLKEM768 CurveID(65074) CurveP256] connIndex=0 event=0 ip=2606:4700:a0::8
2026-09-18T08:31:53Z ERR Register tunnel error from server side error="Unauthorized: Tunnel not found" connIndex=0 event=0 ip=2606:4700:a0::8
2026-09-18T08:31:53Z INF Retrying connection in up to 1m4s connIndex=0 event=0 ip=2606:4700:a0::8
2026-09-18T08:31:57Z INF Tunnel connection curve preferences: [X25519MLKEM768 CurveID(65074) CurveP256] connIndex=0 event=0 ip=2606:4700:a0::8
2026-09-18T08:31:57Z ERR Register tunnel error from server side error="Unauthorized: Tunnel not found" connIndex=0 event=0 ip=2606:4700:a0::8
2026-09-18T08:31:57Z INF Retrying connection in up to 1m4s connIndex=0 event=0 ip=2606:4700:a0::8
2026-09-18T08:31:59Z INF Tunnel connection curve preferences: [X25519MLKEM768 CurveID(65074) CurveP256] connIndex=0 event=0 ip=2606:4700:a0::8
2026-09-18T08:31:59Z ERR Register tunnel error from server side error="Unauthorized: Tunnel not found" connIndex=0 event=0 ip=2606:4700:a0::8
2026-09-18T08:31:59Z INF Retrying connection in up to 1m4s connIndex=0 event=0 ip=2606:4700:a0::8
2026-09-18T08:32:01Z INF Tunnel connection curve preferences: [X25519MLKEM768 CurveID(65074) CurveP256] connIndex=0 event=0 ip=2606:4700:a0::8
2026-09-18T08:32:01Z ERR Register tunnel error from server side error="Unauthorized: Tunnel not found" connIndex=0 event=0 ip=2606:4700:a0::8
2026-09-18T08:32:01Z INF Retrying connection in up to 1m4s connIndex=0 event=0 ip=2606:4700:a0::8
2026-09-18T08:32:28Z INF Tunnel connection curve preferences: [X25519MLKEM768 CurveID(65074) CurveP256] connIndex=0 event=0 ip=2606:4700:a0::8
2026-09-18T08:32:28Z ERR Register tunnel error from server side error="Unauthorized: Tunnel not found" connIndex=0 event=0 ip=2606:4700:a0::8
2026-09-18T08:32:28Z INF Retrying connection in up to 1m4s connIndex=0 event=0 ip=2606:4700:a0::8
2026-09-18T08:32:45Z INF Tunnel connection curve preferences: [X25519MLKEM768 CurveID(65074) CurveP256] connIndex=0 event=0 ip=2606:4700:a0::8
2026-09-18T08:32:45Z ERR Register tunnel error from server side error="Unauthorized: Tunnel not found" connIndex=0 event=0 ip=2606:4700:a0::8
2026-09-18T08:32:45Z INF Retrying connection in up to 1m4s connIndex=0 event=0 ip=2606:4700:a0::8
2026-09-18T08:33:10Z INF Tunnel connection curve preferences: [X25519MLKEM768 CurveID(65074) CurveP256] connIndex=0 event=0 ip=2606:4700:a0::8
2026-09-18T08:33:10Z ERR Register tunnel error from server side error="Unauthorized: Tunnel not found" connIndex=0 event=0 ip=2606:4700:a0::8
2026-09-18T08:33:10Z INF Retrying connection in up to 1m4s connIndex=0 event=0 ip=2606:4700:a0::8
2026-09-18T08:33:17Z INF Tunnel connection curve preferences: [X25519MLKEM768 CurveID(65074) CurveP256] connIndex=0 event=0 ip=2606:4700:a0::8
2026-09-18T08:33:17Z ERR Register tunnel error from server side error="Unauthorized: Tunnel not found" connIndex=0 event=0 ip=2606:4700:a0::8
2026-09-18T08:33:17Z INF Retrying connection in up to 1m4s connIndex=0 event=0 ip=2606:4700:a0::8
2026-09-18T08:33:38Z INF Tunnel connection curve preferences: [X25519MLKEM768 CurveID(65074) CurveP256] connIndex=0 event=0 ip=2606:4700:a0::8
2026-09-18T08:33:38Z ERR Register tunnel error from server side error="Unauthorized: Tunnel not found" connIndex=0 event=0 ip=2606:4700:a0::8
2026-09-18T08:33:38Z INF Retrying connection in up to 1m4s connIndex=0 event=0 ip=2606:4700:a0::8
2026-09-18T08:33:55Z INF Tunnel connection curve preferences: [X25519MLKEM768 CurveID(65074) CurveP256] connIndex=0 event=0 ip=2606:4700:a0::8
2026-09-18T08:33:55Z ERR Register tunnel error from server side error="Unauthorized: Tunnel not found" connIndex=0 event=0 ip=2606:4700:a0::8
2026-09-18T08:33:55Z INF Retrying connection in up to 1m4s connIndex=0 event=0 ip=2606:4700:a0::8
2026-09-18T08:34:24Z INF Tunnel connection curve preferences: [X25519MLKEM768 CurveID(65074) CurveP256] connIndex=0 event=0 ip=2606:4700:a0::8
2026-09-18T08:34:24Z ERR Register tunnel error from server side error="Unauthorized: Tunnel not found" connIndex=0 event=0 ip=2606:4700:a0::8
2026-09-18T08:34:24Z INF Retrying connection in up to 1m4s connIndex=0 event=0 ip=2606:4700:a0::8
2026-09-18T08:34:51Z INF Tunnel connection curve preferences: [X25519MLKEM768 CurveID(65074) CurveP256] connIndex=0 event=0 ip=2606:4700:a0::8
2026-09-18T08:34:51Z ERR Register tunnel error from server side error="Unauthorized: Tunnel not found" connIndex=0 event=0 ip=2606:4700:a0::8
2026-09-18T08:34:51Z INF Retrying connection in up to 1m4s connIndex=0 event=0 ip=2606:4700:a0::8
2026-09-18T08:35:15Z INF Tunnel connection curve preferences: [X25519MLKEM768 CurveID(65074) CurveP256] connIndex=0 event=0 ip=2606:4700:a0::8
2026-09-18T08:35:15Z ERR Register tunnel error from server side error="Unauthorized: Tunnel not found" connIndex=0 event=0 ip=2606:4700:a0::8
2026-09-18T08:35:15Z INF Retrying connection in up to 1m4s connIndex=0 event=0 ip=2606:4700:a0::8
2026-09-18T08:35:20Z INF Tunnel connection curve preferences: [X25519MLKEM768 CurveID(65074) CurveP256] connIndex=0 event=0 ip=2606:4700:a0::8
2026-09-18T08:35:20Z ERR Register tunnel error from server side error="Unauthorized: Tunnel not found" connIndex=0 event=0 ip=2606:4700:a0::8
2026-09-18T08:35:20Z INF Retrying connection in up to 1m4s connIndex=0 event=0 ip=2606:4700:a0::8
2026-09-18T08:35:30Z INF Tunnel connection curve preferences: [X25519MLKEM768 CurveID(65074) CurveP256] connIndex=0 event=0 ip=2606:4700:a0::8
2026-09-18T08:35:30Z ERR Register tunnel error from server side error="Unauthorized: Tunnel not found" connIndex=0 event=0 ip=2606:4700:a0::8
2026-09-18T08:35:30Z INF Retrying connection in up to 1m4s connIndex=0 event=0 ip=2606:4700:a0::8
2026-09-18T08:35:47Z INF Tunnel connection curve preferences: [X25519MLKEM768 CurveID(65074) CurveP256] connIndex=0 event=0 ip=2606:4700:a0::8
2026-09-18T08:35:47Z ERR Register tunnel error from server side error="Unauthorized: Tunnel not found" connIndex=0 event=0 ip=2606:4700:a0::8
2026-09-18T08:35:47Z INF Retrying connection in up to 1m4s connIndex=0 event=0 ip=2606:4700:a0::8
2026-09-18T08:35:49Z INF Tunnel connection curve preferences: [X25519MLKEM768 CurveID(65074) CurveP256] connIndex=0 event=0 ip=2606:4700:a0::8
2026-09-18T08:35:49Z ERR Register tunnel error from server side error="Unauthorized: Tunnel not found" connIndex=0 event=0 ip=2606:4700:a0::8
2026-09-18T08:35:49Z INF Retrying connection in up to 1m4s connIndex=0 event=0 ip=2606:4700:a0::8
2026-09-18T08:36:06Z INF Tunnel connection curve preferences: [X25519MLKEM768 CurveID(65074) CurveP256] connIndex=0 event=0 ip=2606:4700:a0::8
2026-09-18T08:36:06Z ERR Register tunnel error from server side error="Unauthorized: Tunnel not found" connIndex=0 event=0 ip=2606:4700:a0::8
2026-09-18T08:36:06Z INF Retrying connection in up to 1m4s connIndex=0 event=0 ip=2606:4700:a0::8
2026-09-18T08:36:33Z INF Tunnel connection curve preferences: [X25519MLKEM768 CurveID(65074) CurveP256] connIndex=0 event=0 ip=2606:4700:a0::8
2026-09-18T08:36:34Z ERR Register tunnel error from server side error="Unauthorized: Tunnel not found" connIndex=0 event=0 ip=2606:4700:a0::8
2026-09-18T08:36:34Z INF Retrying connection in up to 1m4s connIndex=0 event=0 ip=2606:4700:a0::8
2026-09-18T08:36:40Z INF Tunnel connection curve preferences: [X25519MLKEM768 CurveID(65074) CurveP256] connIndex=0 event=0 ip=2606:4700:a0::8
2026-09-18T08:36:40Z ERR Register tunnel error from server side error="Unauthorized: Tunnel not found" connIndex=0 event=0 ip=2606:4700:a0::8
2026-09-18T08:36:40Z INF Retrying connection in up to 1m4s connIndex=0 event=0 ip=2606:4700:a0::8
2026-09-18T08:36:58Z INF Tunnel connection curve preferences: [X25519MLKEM768 CurveID(65074) CurveP256] connIndex=0 event=0 ip=2606:4700:a0::8
2026-09-18T08:36:58Z ERR Register tunnel error from server side error="Unauthorized: Tunnel not found" connIndex=0 event=0 ip=2606:4700:a0::8
2026-09-18T08:36:58Z INF Retrying connection in up to 1m4s connIndex=0 event=0 ip=2606:4700:a0::8
2026-09-18T08:37:03Z INF Tunnel connection curve preferences: [X25519MLKEM768 CurveID(65074) CurveP256] connIndex=0 event=0 ip=2606:4700:a0::8
2026-09-18T08:37:03Z ERR Register tunnel error from server side error="Unauthorized: Tunnel not found" connIndex=0 event=0 ip=2606:4700:a0::8
2026-09-18T08:37:03Z INF Retrying connection in up to 1m4s connIndex=0 event=0 ip=2606:4700:a0::8
2026-09-18T08:37:08Z INF Tunnel connection curve preferences: [X25519MLKEM768 CurveID(65074) CurveP256] connIndex=0 event=0 ip=2606:4700:a0::8
2026-09-18T08:37:08Z ERR Register tunnel error from server side error="Unauthorized: Tunnel not found" connIndex=0 event=0 ip=2606:4700:a0::8
2026-09-18T08:37:08Z INF Retrying connection in up to 1m4s connIndex=0 event=0 ip=2606:4700:a0::8
2026-09-18T08:37:38Z INF Tunnel connection curve preferences: [X25519MLKEM768 CurveID(65074) CurveP256] connIndex=0 event=0 ip=2606:4700:a0::8
2026-09-18T08:37:38Z ERR Register tunnel error from server side error="Unauthorized: Tunnel not found" connIndex=0 event=0 ip=2606:4700:a0::8
2026-09-18T08:37:38Z INF Retrying connection in up to 1m4s connIndex=0 event=0 ip=2606:4700:a0::8
2026-09-18T08:38:01Z INF Tunnel connection curve preferences: [X25519MLKEM768 CurveID(65074) CurveP256] connIndex=0 event=0 ip=2606:4700:a0::8
2026-09-18T08:38:01Z ERR Register tunnel error from server side error="Unauthorized: Tunnel not found" connIndex=0 event=0 ip=2606:4700:a0::8
2026-09-18T08:38:01Z INF Retrying connection in up to 1m4s connIndex=0 event=0 ip=2606:4700:a0::8
2026-09-18T08:38:32Z INF Tunnel connection curve preferences: [X25519MLKEM768 CurveID(65074) CurveP256] connIndex=0 event=0 ip=2606:4700:a0::8
2026-09-18T08:38:32Z ERR Register tunnel error from server side error="Unauthorized: Tunnel not found" connIndex=0 event=0 ip=2606:4700:a0::8
2026-09-18T08:38:32Z INF Retrying connection in up to 1m4s connIndex=0 event=0 ip=2606:4700:a0::8
2026-09-18T08:38:43Z INF Tunnel connection curve preferences: [X25519MLKEM768 CurveID(65074) CurveP256] connIndex=0 event=0 ip=2606:4700:a0::8
2026-09-18T08:38:43Z ERR Register tunnel error from server side error="Unauthorized: Tunnel not found" connIndex=0 event=0 ip=2606:4700:a0::8
2026-09-18T08:38:43Z INF Retrying connection in up to 1m4s connIndex=0 event=0 ip=2606:4700:a0::8
2026-09-18T08:38:56Z INF Tunnel connection curve preferences: [X25519MLKEM768 CurveID(65074) CurveP256] connIndex=0 event=0 ip=2606:4700:a0::8
2026-09-18T08:38:56Z ERR Register tunnel error from server side error="Unauthorized: Tunnel not found" connIndex=0 event=0 ip=2606:4700:a0::8
2026-09-18T08:38:56Z INF Retrying connection in up to 1m4s connIndex=0 event=0 ip=2606:4700:a0::8
2026-09-18T08:39:05Z INF Tunnel connection curve preferences: [X25519MLKEM768 CurveID(65074) CurveP256] connIndex=0 event=0 ip=2606:4700:a0::8
2026-09-18T08:39:05Z ERR Register tunnel error from server side error="Unauthorized: Tunnel not found" connIndex=0 event=0 ip=2606:4700:a0::8
2026-09-18T08:39:05Z INF Retrying connection in up to 1m4s connIndex=0 event=0 ip=2606:4700:a0::8
2026-09-18T08:39:33Z INF Tunnel connection curve preferences: [X25519MLKEM768 CurveID(65074) CurveP256] connIndex=0 event=0 ip=2606:4700:a0::8
2026-09-18T08:39:33Z ERR Register tunnel error from server side error="Unauthorized: Tunnel not found" connIndex=0 event=0 ip=2606:4700:a0::8
2026-09-18T08:39:33Z INF Retrying connection in up to 1m4s connIndex=0 event=0 ip=2606:4700:a0::8
2026-09-18T08:39:55Z INF Tunnel connection curve preferences: [X25519MLKEM768 CurveID(65074) CurveP256] connIndex=0 event=0 ip=2606:4700:a0::8
2026-09-18T08:39:55Z ERR Register tunnel error from server side error="Unauthorized: Tunnel not found" connIndex=0 event=0 ip=2606:4700:a0::8
2026-09-18T08:39:55Z INF Retrying connection in up to 1m4s connIndex=0 event=0 ip=2606:4700:a0::8
2026-09-18T08:40:05Z INF Tunnel connection curve preferences: [X25519MLKEM768 CurveID(65074) CurveP256] connIndex=0 event=0 ip=2606:4700:a0::8
2026-09-18T08:40:05Z ERR Register tunnel error from server side error="Unauthorized: Tunnel not found" connIndex=0 event=0 ip=2606:4700:a0::8
2026-09-18T08:40:05Z INF Retrying connection in up to 1m4s connIndex=0 event=0 ip=2606:4700:a0::8
2026-09-18T08:40:08Z INF Tunnel connection curve preferences: [X25519MLKEM768 CurveID(65074) CurveP256] connIndex=0 event=0 ip=2606:4700:a0::8
2026-09-18T08:40:08Z ERR Register tunnel error from server side error="Unauthorized: Tunnel not found" connIndex=0 event=0 ip=2606:4700:a0::8
2026-09-18T08:40:08Z INF Retrying connection in up to 1m4s connIndex=0 event=0 ip=2606:4700:a0::8
2026-09-18T08:40:36Z INF Tunnel connection curve preferences: [X25519MLKEM768 CurveID(65074) CurveP256] connIndex=0 event=0 ip=2606:4700:a0::8
2026-09-18T08:40:36Z ERR Register tunnel error from server side error="Unauthorized: Tunnel not found" connIndex=0 event=0 ip=2606:4700:a0::8
2026-09-18T08:40:36Z INF Retrying connection in up to 1m4s connIndex=0 event=0 ip=2606:4700:a0::8
2026-09-18T08:40:50Z INF Tunnel connection curve preferences: [X25519MLKEM768 CurveID(65074) CurveP256] connIndex=0 event=0 ip=2606:4700:a0::8
2026-09-18T08:40:50Z ERR Register tunnel error from server side error="Unauthorized: Tunnel not found" connIndex=0 event=0 ip=2606:4700:a0::8
2026-09-18T08:40:50Z INF Retrying connection in up to 1m4s connIndex=0 event=0 ip=2606:4700:a0::8
2026-09-18T08:40:56Z INF Tunnel connection curve preferences: [X25519MLKEM768 CurveID(65074) CurveP256] connIndex=0 event=0 ip=2606:4700:a0::8
2026-09-18T08:40:56Z ERR Register tunnel error from server side error="Unauthorized: Tunnel not found" connIndex=0 event=0 ip=2606:4700:a0::8
2026-09-18T08:40:56Z INF Retrying connection in up to 1m4s connIndex=0 event=0 ip=2606:4700:a0::8
2026-09-18T08:41:24Z INF Tunnel connection curve preferences: [X25519MLKEM768 CurveID(65074) CurveP256] connIndex=0 event=0 ip=2606:4700:a0::8
2026-09-18T08:41:24Z ERR Register tunnel error from server side error="Unauthorized: Tunnel not found" connIndex=0 event=0 ip=2606:4700:a0::8
2026-09-18T08:41:24Z INF Retrying connection in up to 1m4s connIndex=0 event=0 ip=2606:4700:a0::8
2026-09-18T08:41:38Z INF Tunnel connection curve preferences: [X25519MLKEM768 CurveID(65074) CurveP256] connIndex=0 event=0 ip=2606:4700:a0::8
2026-09-18T08:41:38Z ERR Register tunnel error from server side error="Unauthorized: Tunnel not found" connIndex=0 event=0 ip=2606:4700:a0::8
2026-09-18T08:41:38Z INF Retrying connection in up to 1m4s connIndex=0 event=0 ip=2606:4700:a0::8
2026-09-18T08:42:00Z INF Tunnel connection curve preferences: [X25519MLKEM768 CurveID(65074) CurveP256] connIndex=0 event=0 ip=2606:4700:a0::8
2026-09-18T08:42:00Z ERR Register tunnel error from server side error="Unauthorized: Tunnel not found" connIndex=0 event=0 ip=2606:4700:a0::8
2026-09-18T08:42:00Z INF Retrying connection in up to 1m4s connIndex=0 event=0 ip=2606:4700:a0::8
2026-09-18T08:42:30Z INF Tunnel connection curve preferences: [X25519MLKEM768 CurveID(65074) CurveP256] connIndex=0 event=0 ip=2606:4700:a0::8
2026-09-18T08:42:30Z ERR Register tunnel error from server side error="Unauthorized: Tunnel not found" connIndex=0 event=0 ip=2606:4700:a0::8
2026-09-18T08:42:30Z INF Retrying connection in up to 1m4s connIndex=0 event=0 ip=2606:4700:a0::8
2026-09-18T08:42:41Z INF Tunnel connection curve preferences: [X25519MLKEM768 CurveID(65074) CurveP256] connIndex=0 event=0 ip=2606:4700:a0::8
2026-09-18T08:42:41Z ERR Register tunnel error from server side error="Unauthorized: Tunnel not found" connIndex=0 event=0 ip=2606:4700:a0::8
2026-09-18T08:42:41Z INF Retrying connection in up to 1m4s connIndex=0 event=0 ip=2606:4700:a0::8
2026-09-18T08:43:13Z INF Tunnel connection curve preferences: [X25519MLKEM768 CurveID(65074) CurveP256] connIndex=0 event=0 ip=2606:4700:a0::8
2026-09-18T08:43:13Z ERR Register tunnel error from server side error="Unauthorized: Tunnel not found" connIndex=0 event=0 ip=2606:4700:a0::8
2026-09-18T08:43:13Z INF Retrying connection in up to 1m4s connIndex=0 event=0 ip=2606:4700:a0::8
2026-09-18T08:43:28Z INF Tunnel connection curve preferences: [X25519MLKEM768 CurveID(65074) CurveP256] connIndex=0 event=0 ip=2606:4700:a0::8
2026-09-18T08:43:29Z ERR Register tunnel error from server side error="Unauthorized: Tunnel not found" connIndex=0 event=0 ip=2606:4700:a0::8
2026-09-18T08:43:29Z INF Retrying connection in up to 1m4s connIndex=0 event=0 ip=2606:4700:a0::8
2026-09-18T08:43:55Z INF Tunnel connection curve preferences: [X25519MLKEM768 CurveID(65074) CurveP256] connIndex=0 event=0 ip=2606:4700:a0::8
2026-09-18T08:43:55Z ERR Register tunnel error from server side error="Unauthorized: Tunnel not found" connIndex=0 event=0 ip=2606:4700:a0::8
2026-09-18T08:43:55Z INF Retrying connection in up to 1m4s connIndex=0 event=0 ip=2606:4700:a0::8
2026-09-18T08:44:04Z INF Tunnel connection curve preferences: [X25519MLKEM768 CurveID(65074) CurveP256] connIndex=0 event=0 ip=2606:4700:a0::8
2026-09-18T08:44:04Z ERR Register tunnel error from server side error="Unauthorized: Tunnel not found" connIndex=0 event=0 ip=2606:4700:a0::8
2026-09-18T08:44:04Z INF Retrying connection in up to 1m4s connIndex=0 event=0 ip=2606:4700:a0::8
2026-09-18T08:44:21Z INF Tunnel connection curve preferences: [X25519MLKEM768 CurveID(65074) CurveP256] connIndex=0 event=0 ip=2606:4700:a0::8
2026-09-18T08:44:21Z ERR Register tunnel error from server side error="Unauthorized: Tunnel not found" connIndex=0 event=0 ip=2606:4700:a0::8
2026-09-18T08:44:21Z INF Retrying connection in up to 1m4s connIndex=0 event=0 ip=2606:4700:a0::8
2026-09-18T08:44:42Z INF Tunnel connection curve preferences: [X25519MLKEM768 CurveID(65074) CurveP256] connIndex=0 event=0 ip=2606:4700:a0::8
2026-09-18T08:44:42Z ERR Register tunnel error from server side error="Unauthorized: Tunnel not found" connIndex=0 event=0 ip=2606:4700:a0::8
2026-09-18T08:44:42Z INF Retrying connection in up to 1m4s connIndex=0 event=0 ip=2606:4700:a0::8
2026-09-18T08:44:42Z INF Tunnel connection curve preferences: [X25519MLKEM768 CurveID(65074) CurveP256] connIndex=0 event=0 ip=2606:4700:a0::8
2026-09-18T08:44:42Z ERR Register tunnel error from server side error="Unauthorized: Tunnel not found" connIndex=0 event=0 ip=2606:4700:a0::8
2026-09-18T08:44:42Z INF Retrying connection in up to 1m4s connIndex=0 event=0 ip=2606:4700:a0::8
2026-09-18T08:44:52Z INF Tunnel connection curve preferences: [X25519MLKEM768 CurveID(65074) CurveP256] connIndex=0 event=0 ip=2606:4700:a0::8
2026-09-18T08:44:52Z ERR Register tunnel error from server side error="Unauthorized: Tunnel not found" connIndex=0 event=0 ip=2606:4700:a0::8
2026-09-18T08:44:52Z INF Retrying connection in up to 1m4s connIndex=0 event=0 ip=2606:4700:a0::8
2026-09-18T08:45:12Z INF Tunnel connection curve preferences: [X25519MLKEM768 CurveID(65074) CurveP256] connIndex=0 event=0 ip=2606:4700:a0::8
2026-09-18T08:45:12Z ERR Register tunnel error from server side error="Unauthorized: Tunnel not found" connIndex=0 event=0 ip=2606:4700:a0::8
2026-09-18T08:45:12Z INF Retrying connection in up to 1m4s connIndex=0 event=0 ip=2606:4700:a0::8
2026-09-18T08:45:30Z INF Tunnel connection curve preferences: [X25519MLKEM768 CurveID(65074) CurveP256] connIndex=0 event=0 ip=2606:4700:a0::8
2026-09-18T08:45:30Z ERR Register tunnel error from server side error="Unauthorized: Tunnel not found" connIndex=0 event=0 ip=2606:4700:a0::8
2026-09-18T08:45:30Z INF Retrying connection in up to 1m4s connIndex=0 event=0 ip=2606:4700:a0::8
2026-09-18T08:45:36Z INF Tunnel connection curve preferences: [X25519MLKEM768 CurveID(65074) CurveP256] connIndex=0 event=0 ip=2606:4700:a0::8
2026-09-18T08:45:36Z ERR Register tunnel error from server side error="Unauthorized: Tunnel not found" connIndex=0 event=0 ip=2606:4700:a0::8
2026-09-18T08:45:36Z INF Retrying connection in up to 1m4s connIndex=0 event=0 ip=2606:4700:a0::8
2026-09-18T08:45:37Z INF Tunnel connection curve preferences: [X25519MLKEM768 CurveID(65074) CurveP256] connIndex=0 event=0 ip=2606:4700:a0::8
2026-09-18T08:45:37Z ERR Register tunnel error from server side error="Unauthorized: Tunnel not found" connIndex=0 event=0 ip=2606:4700:a0::8
2026-09-18T08:45:37Z INF Retrying connection in up to 1m4s connIndex=0 event=0 ip=2606:4700:a0::8
2026-09-18T08:45:55Z INF Tunnel connection curve preferences: [X25519MLKEM768 CurveID(65074) CurveP256] connIndex=0 event=0 ip=2606:4700:a0::8
2026-09-18T08:45:55Z ERR Register tunnel error from server side error="Unauthorized: Tunnel not found" connIndex=0 event=0 ip=2606:4700:a0::8
2026-09-18T08:45:55Z INF Retrying connection in up to 1m4s connIndex=0 event=0 ip=2606:4700:a0::8
2026-09-18T08:46:02Z INF Tunnel connection curve preferences: [X25519MLKEM768 CurveID(65074) CurveP256] connIndex=0 event=0 ip=2606:4700:a0::8
2026-09-18T08:46:02Z ERR Register tunnel error from server side error="Unauthorized: Tunnel not found" connIndex=0 event=0 ip=2606:4700:a0::8
2026-09-18T08:46:02Z INF Retrying connection in up to 1m4s connIndex=0 event=0 ip=2606:4700:a0::8
2026-09-18T08:46:05Z INF Tunnel connection curve preferences: [X25519MLKEM768 CurveID(65074) CurveP256] connIndex=0 event=0 ip=2606:4700:a0::8
2026-09-18T08:46:05Z ERR Register tunnel error from server side error="Unauthorized: Tunnel not found" connIndex=0 event=0 ip=2606:4700:a0::8
2026-09-18T08:46:05Z INF Retrying connection in up to 1m4s connIndex=0 event=0 ip=2606:4700:a0::8
2026-09-18T08:46:37Z INF Tunnel connection curve preferences: [X25519MLKEM768 CurveID(65074) CurveP256] connIndex=0 event=0 ip=2606:4700:a0::8
2026-09-18T08:46:37Z ERR Register tunnel error from server side error="Unauthorized: Tunnel not found" connIndex=0 event=0 ip=2606:4700:a0::8
2026-09-18T08:46:37Z INF Retrying connection in up to 1m4s connIndex=0 event=0 ip=2606:4700:a0::8
2026-09-18T08:46:51Z INF Tunnel connection curve preferences: [X25519MLKEM768 CurveID(65074) CurveP256] connIndex=0 event=0 ip=2606:4700:a0::8
2026-09-18T08:46:51Z ERR Register tunnel error from server side error="Unauthorized: Tunnel not found" connIndex=0 event=0 ip=2606:4700:a0::8
2026-09-18T08:46:51Z INF Retrying connection in up to 1m4s connIndex=0 event=0 ip=2606:4700:a0::8
2026-09-18T08:47:11Z INF Tunnel connection curve preferences: [X25519MLKEM768 CurveID(65074) CurveP256] connIndex=0 event=0 ip=2606:4700:a0::8
2026-09-18T08:47:12Z ERR Register tunnel error from server side error="Unauthorized: Tunnel not found" connIndex=0 event=0 ip=2606:4700:a0::8
2026-09-18T08:47:12Z INF Retrying connection in up to 1m4s connIndex=0 event=0 ip=2606:4700:a0::8
2026-09-18T08:47:39Z INF Tunnel connection curve preferences: [X25519MLKEM768 CurveID(65074) CurveP256] connIndex=0 event=0 ip=2606:4700:a0::8
2026-09-18T08:47:39Z ERR Register tunnel error from server side error="Unauthorized: Tunnel not found" connIndex=0 event=0 ip=2606:4700:a0::8
2026-09-18T08:47:39Z INF Retrying connection in up to 1m4s connIndex=0 event=0 ip=2606:4700:a0::8
2026-09-18T08:47:42Z INF Tunnel connection curve preferences: [X25519MLKEM768 CurveID(65074) CurveP256] connIndex=0 event=0 ip=2606:4700:a0::8
2026-09-18T08:47:42Z ERR Register tunnel error from server side error="Unauthorized: Tunnel not found" connIndex=0 event=0 ip=2606:4700:a0::8
2026-09-18T08:47:42Z INF Retrying connection in up to 1m4s connIndex=0 event=0 ip=2606:4700:a0::8
2026-09-18T08:47:49Z INF Tunnel connection curve preferences: [X25519MLKEM768 CurveID(65074) CurveP256] connIndex=0 event=0 ip=2606:4700:a0::8
2026-09-18T08:47:49Z ERR Register tunnel error from server side error="Unauthorized: Tunnel not found" connIndex=0 event=0 ip=2606:4700:a0::8
2026-09-18T08:47:49Z INF Retrying connection in up to 1m4s connIndex=0 event=0 ip=2606:4700:a0::8
2026-09-18T08:48:08Z INF Tunnel connection curve preferences: [X25519MLKEM768 CurveID(65074) CurveP256] connIndex=0 event=0 ip=2606:4700:a0::8
2026-09-18T08:48:08Z ERR Register tunnel error from server side error="Unauthorized: Tunnel not found" connIndex=0 event=0 ip=2606:4700:a0::8
2026-09-18T08:48:08Z INF Retrying connection in up to 1m4s connIndex=0 event=0 ip=2606:4700:a0::8
2026-09-18T08:48:21Z INF Tunnel connection curve preferences: [X25519MLKEM768 CurveID(65074) CurveP256] connIndex=0 event=0 ip=2606:4700:a0::8
2026-09-18T08:48:21Z ERR Register tunnel error from server side error="Unauthorized: Tunnel not found" connIndex=0 event=0 ip=2606:4700:a0::8
2026-09-18T08:48:21Z INF Retrying connection in up to 1m4s connIndex=0 event=0 ip=2606:4700:a0::8
2026-09-18T08:48:27Z INF Tunnel connection curve preferences: [X25519MLKEM768 CurveID(65074) CurveP256] connIndex=0 event=0 ip=2606:4700:a0::8
2026-09-18T08:48:27Z ERR Register tunnel error from server side error="Unauthorized: Tunnel not found" connIndex=0 event=0 ip=2606:4700:a0::8
2026-09-18T08:48:27Z INF Retrying connection in up to 1m4s connIndex=0 event=0 ip=2606:4700:a0::8
2026-09-18T08:48:33Z INF Tunnel connection curve preferences: [X25519MLKEM768 CurveID(65074) CurveP256] connIndex=0 event=0 ip=2606:4700:a0::8
2026-09-18T08:48:33Z ERR Register tunnel error from server side error="Unauthorized: Tunnel not found" connIndex=0 event=0 ip=2606:4700:a0::8
2026-09-18T08:48:33Z INF Retrying connection in up to 1m4s connIndex=0 event=0 ip=2606:4700:a0::8
2026-09-18T08:48:38Z INF Tunnel connection curve preferences: [X25519MLKEM768 CurveID(65074) CurveP256] connIndex=0 event=0 ip=2606:4700:a0::8
2026-09-18T08:48:38Z ERR Register tunnel error from server side error="Unauthorized: Tunnel not found" connIndex=0 event=0 ip=2606:4700:a0::8
2026-09-18T08:48:38Z INF Retrying connection in up to 1m4s connIndex=0 event=0 ip=2606:4700:a0::8
2026-09-18T08:49:07Z INF Tunnel connection curve preferences: [X25519MLKEM768 CurveID(65074) CurveP256] connIndex=0 event=0 ip=2606:4700:a0::8
2026-09-18T08:49:07Z ERR Register tunnel error from server side error="Unauthorized: Tunnel not found" connIndex=0 event=0 ip=2606:4700:a0::8
2026-09-18T08:49:07Z INF Retrying connection in up to 1m4s connIndex=0 event=0 ip=2606:4700:a0::8
2026-09-18T08:49:22Z INF Tunnel connection curve preferences: [X25519MLKEM768 CurveID(65074) CurveP256] connIndex=0 event=0 ip=2606:4700:a0::8
2026-09-18T08:49:22Z ERR Register tunnel error from server side error="Unauthorized: Tunnel not found" connIndex=0 event=0 ip=2606:4700:a0::8
2026-09-18T08:49:22Z INF Retrying connection in up to 1m4s connIndex=0 event=0 ip=2606:4700:a0::8
2026-09-18T08:49:36Z INF Tunnel connection curve preferences: [X25519MLKEM768 CurveID(65074) CurveP256] connIndex=0 event=0 ip=2606:4700:a0::8
2026-09-18T08:49:36Z ERR Register tunnel error from server side error="Unauthorized: Tunnel not found" connIndex=0 event=0 ip=2606:4700:a0::8
2026-09-18T08:49:36Z INF Retrying connection in up to 1m4s connIndex=0 event=0 ip=2606:4700:a0::8
2026-09-18T08:49:45Z INF Tunnel connection curve preferences: [X25519MLKEM768 CurveID(65074) CurveP256] connIndex=0 event=0 ip=2606:4700:a0::8
2026-09-18T08:49:45Z ERR Register tunnel error from server side error="Unauthorized: Tunnel not found" connIndex=0 event=0 ip=2606:4700:a0::8
2026-09-18T08:49:45Z INF Retrying connection in up to 1m4s connIndex=0 event=0 ip=2606:4700:a0::8
2026-09-18T08:49:57Z INF Tunnel connection curve preferences: [X25519MLKEM768 CurveID(65074) CurveP256] connIndex=0 event=0 ip=2606:4700:a0::8
2026-09-18T08:49:57Z ERR Register tunnel error from server side error="Unauthorized: Tunnel not found" connIndex=0 event=0 ip=2606:4700:a0::8
2026-09-18T08:49:57Z INF Retrying connection in up to 1m4s connIndex=0 event=0 ip=2606:4700:a0::8
2026-09-18T08:50:11Z INF Tunnel connection curve preferences: [X25519MLKEM768 CurveID(65074) CurveP256] connIndex=0 event=0 ip=2606:4700:a0::8
2026-09-18T08:50:11Z ERR Register tunnel error from server side error="Unauthorized: Tunnel not found" connIndex=0 event=0 ip=2606:4700:a0::8
2026-09-18T08:50:11Z INF Retrying connection in up to 1m4s connIndex=0 event=0 ip=2606:4700:a0::8
2026-09-18T08:50:17Z INF Tunnel connection curve preferences: [X25519MLKEM768 CurveID(65074) CurveP256] connIndex=0 event=0 ip=2606:4700:a0::8
2026-09-18T08:50:17Z ERR Register tunnel error from server side error="Unauthorized: Tunnel not found" connIndex=0 event=0 ip=2606:4700:a0::8
2026-09-18T08:50:17Z INF Retrying connection in up to 1m4s connIndex=0 event=0 ip=2606:4700:a0::8
2026-09-18T08:50:24Z INF Tunnel connection curve preferences: [X25519MLKEM768 CurveID(65074) CurveP256] connIndex=0 event=0 ip=2606:4700:a0::8
2026-09-18T08:50:25Z ERR Register tunnel error from server side error="Unauthorized: Tunnel not found" connIndex=0 event=0 ip=2606:4700:a0::8
2026-09-18T08:50:25Z INF Retrying connection in up to 1m4s connIndex=0 event=0 ip=2606:4700:a0::8
2026-09-18T08:50:36Z INF Tunnel connection curve preferences: [X25519MLKEM768 CurveID(65074) CurveP256] connIndex=0 event=0 ip=2606:4700:a0::8
2026-09-18T08:50:36Z ERR Register tunnel error from server side error="Unauthorized: Tunnel not found" connIndex=0 event=0 ip=2606:4700:a0::8
2026-09-18T08:50:36Z INF Retrying connection in up to 1m4s connIndex=0 event=0 ip=2606:4700:a0::8
2026-09-18T08:50:38Z INF Tunnel connection curve preferences: [X25519MLKEM768 CurveID(65074) CurveP256] connIndex=0 event=0 ip=2606:4700:a0::8
2026-09-18T08:50:38Z ERR Register tunnel error from server side error="Unauthorized: Tunnel not found" connIndex=0 event=0 ip=2606:4700:a0::8
2026-09-18T08:50:38Z INF Retrying connection in up to 1m4s connIndex=0 event=0 ip=2606:4700:a0::8
2026-09-18T08:51:07Z INF Tunnel connection curve preferences: [X25519MLKEM768 CurveID(65074) CurveP256] connIndex=0 event=0 ip=2606:4700:a0::8
2026-09-18T08:51:07Z ERR Register tunnel error from server side error="Unauthorized: Tunnel not found" connIndex=0 event=0 ip=2606:4700:a0::8
2026-09-18T08:51:07Z INF Retrying connection in up to 1m4s connIndex=0 event=0 ip=2606:4700:a0::8
2026-09-18T08:51:23Z INF Tunnel connection curve preferences: [X25519MLKEM768 CurveID(65074) CurveP256] connIndex=0 event=0 ip=2606:4700:a0::8
2026-09-18T08:51:23Z ERR Register tunnel error from server side error="Unauthorized: Tunnel not found" connIndex=0 event=0 ip=2606:4700:a0::8
2026-09-18T08:51:23Z INF Retrying connection in up to 1m4s connIndex=0 event=0 ip=2606:4700:a0::8
2026-09-18T08:51:53Z INF Tunnel connection curve preferences: [X25519MLKEM768 CurveID(65074) CurveP256] connIndex=0 event=0 ip=2606:4700:a0::8
2026-09-18T08:51:53Z ERR Register tunnel error from server side error="Unauthorized: Tunnel not found" connIndex=0 event=0 ip=2606:4700:a0::8
2026-09-18T08:51:53Z INF Retrying connection in up to 1m4s connIndex=0 event=0 ip=2606:4700:a0::8
2026-09-18T08:52:12Z INF Tunnel connection curve preferences: [X25519MLKEM768 CurveID(65074) CurveP256] connIndex=0 event=0 ip=2606:4700:a0::8
2026-09-18T08:52:13Z ERR Register tunnel error from server side error="Unauthorized: Tunnel not found" connIndex=0 event=0 ip=2606:4700:a0::8
2026-09-18T08:52:13Z INF Retrying connection in up to 1m4s connIndex=0 event=0 ip=2606:4700:a0::8
2026-09-18T08:52:27Z INF Tunnel connection curve preferences: [X25519MLKEM768 CurveID(65074) CurveP256] connIndex=0 event=0 ip=2606:4700:a0::8
2026-09-18T08:52:27Z ERR Register tunnel error from server side error="Unauthorized: Tunnel not found" connIndex=0 event=0 ip=2606:4700:a0::8
2026-09-18T08:52:27Z INF Retrying connection in up to 1m4s connIndex=0 event=0 ip=2606:4700:a0::8
2026-09-18T08:52:55Z INF Tunnel connection curve preferences: [X25519MLKEM768 CurveID(65074) CurveP256] connIndex=0 event=0 ip=2606:4700:a0::8
2026-09-18T08:52:55Z ERR Register tunnel error from server side error="Unauthorized: Tunnel not found" connIndex=0 event=0 ip=2606:4700:a0::8
2026-09-18T08:52:55Z INF Retrying connection in up to 1m4s connIndex=0 event=0 ip=2606:4700:a0::8
2026-09-18T08:52:58Z INF Tunnel connection curve preferences: [X25519MLKEM768 CurveID(65074) CurveP256] connIndex=0 event=0 ip=2606:4700:a0::8
2026-09-18T08:52:58Z ERR Register tunnel error from server side error="Unauthorized: Tunnel not found" connIndex=0 event=0 ip=2606:4700:a0::8
2026-09-18T08:52:58Z INF Retrying connection in up to 1m4s connIndex=0 event=0 ip=2606:4700:a0::8
2026-09-18T08:52:58Z INF Tunnel connection curve preferences: [X25519MLKEM768 CurveID(65074) CurveP256] connIndex=0 event=0 ip=2606:4700:a0::8
2026-09-18T08:52:58Z ERR Register tunnel error from server side error="Unauthorized: Tunnel not found" connIndex=0 event=0 ip=2606:4700:a0::8
2026-09-18T08:52:58Z INF Retrying connection in up to 1m4s connIndex=0 event=0 ip=2606:4700:a0::8
2026-09-18T08:53:05Z INF Tunnel connection curve preferences: [X25519MLKEM768 CurveID(65074) CurveP256] connIndex=0 event=0 ip=2606:4700:a0::8
2026-09-18T08:53:05Z ERR Register tunnel error from server side error="Unauthorized: Tunnel not found" connIndex=0 event=0 ip=2606:4700:a0::8
2026-09-18T08:53:05Z INF Retrying connection in up to 1m4s connIndex=0 event=0 ip=2606:4700:a0::8
2026-09-18T08:53:30Z INF Tunnel connection curve preferences: [X25519MLKEM768 CurveID(65074) CurveP256] connIndex=0 event=0 ip=2606:4700:a0::8
2026-09-18T08:53:30Z ERR Register tunnel error from server side error="Unauthorized: Tunnel not found" connIndex=0 event=0 ip=2606:4700:a0::8
2026-09-18T08:53:30Z INF Retrying connection in up to 1m4s connIndex=0 event=0 ip=2606:4700:a0::8
2026-09-18T08:53:57Z INF Tunnel connection curve preferences: [X25519MLKEM768 CurveID(65074) CurveP256] connIndex=0 event=0 ip=2606:4700:a0::8
2026-09-18T08:53:57Z ERR Register tunnel error from server side error="Unauthorized: Tunnel not found" connIndex=0 event=0 ip=2606:4700:a0::8
2026-09-18T08:53:57Z INF Retrying connection in up to 1m4s connIndex=0 event=0 ip=2606:4700:a0::8
2026-09-18T08:54:28Z INF Tunnel connection curve preferences: [X25519MLKEM768 CurveID(65074) CurveP256] connIndex=0 event=0 ip=2606:4700:a0::8
2026-09-18T08:54:28Z ERR Register tunnel error from server side error="Unauthorized: Tunnel not found" connIndex=0 event=0 ip=2606:4700:a0::8
2026-09-18T08:54:28Z INF Retrying connection in up to 1m4s connIndex=0 event=0 ip=2606:4700:a0::8
2026-09-18T08:54:50Z INF Tunnel connection curve preferences: [X25519MLKEM768 CurveID(65074) CurveP256] connIndex=0 event=0 ip=2606:4700:a0::8
2026-09-18T08:54:50Z ERR Register tunnel error from server side error="Unauthorized: Tunnel not found" connIndex=0 event=0 ip=2606:4700:a0::8
2026-09-18T08:54:50Z INF Retrying connection in up to 1m4s connIndex=0 event=0 ip=2606:4700:a0::8
2026-09-18T08:54:57Z INF Tunnel connection curve preferences: [X25519MLKEM768 CurveID(65074) CurveP256] connIndex=0 event=0 ip=2606:4700:a0::8
2026-09-18T08:54:57Z ERR Register tunnel error from server side error="Unauthorized: Tunnel not found" connIndex=0 event=0 ip=2606:4700:a0::8
2026-09-18T08:54:57Z INF Retrying connection in up to 1m4s connIndex=0 event=0 ip=2606:4700:a0::8
2026-09-18T08:55:10Z INF Tunnel connection curve preferences: [X25519MLKEM768 CurveID(65074) CurveP256] connIndex=0 event=0 ip=2606:4700:a0::8
2026-09-18T08:55:10Z ERR Register tunnel error from server side error="Unauthorized: Tunnel not found" connIndex=0 event=0 ip=2606:4700:a0::8
2026-09-18T08:55:10Z INF Retrying connection in up to 1m4s connIndex=0 event=0 ip=2606:4700:a0::8
2026-09-18T08:55:32Z INF Tunnel connection curve preferences: [X25519MLKEM768 CurveID(65074) CurveP256] connIndex=0 event=0 ip=2606:4700:a0::8
2026-09-18T08:55:32Z ERR Register tunnel error from server side error="Unauthorized: Tunnel not found" connIndex=0 event=0 ip=2606:4700:a0::8
2026-09-18T08:55:32Z INF Retrying connection in up to 1m4s connIndex=0 event=0 ip=2606:4700:a0::8
2026-09-18T08:55:55Z INF Tunnel connection curve preferences: [X25519MLKEM768 CurveID(65074) CurveP256] connIndex=0 event=0 ip=2606:4700:a0::8
2026-09-18T08:55:55Z ERR Register tunnel error from server side error="Unauthorized: Tunnel not found" connIndex=0 event=0 ip=2606:4700:a0::8
2026-09-18T08:55:55Z INF Retrying connection in up to 1m4s connIndex=0 event=0 ip=2606:4700:a0::8
2026-09-18T08:56:23Z INF Tunnel connection curve preferences: [X25519MLKEM768 CurveID(65074) CurveP256] connIndex=0 event=0 ip=2606:4700:a0::8
2026-09-18T08:56:23Z ERR Register tunnel error from server side error="Unauthorized: Tunnel not found" connIndex=0 event=0 ip=2606:4700:a0::8
2026-09-18T08:56:23Z INF Retrying connection in up to 1m4s connIndex=0 event=0 ip=2606:4700:a0::8
2026-09-18T08:56:28Z INF Tunnel connection curve preferences: [X25519MLKEM768 CurveID(65074) CurveP256] connIndex=0 event=0 ip=2606:4700:a0::8
2026-09-18T08:56:28Z ERR Register tunnel error from server side error="Unauthorized: Tunnel not found" connIndex=0 event=0 ip=2606:4700:a0::8
2026-09-18T08:56:28Z INF Retrying connection in up to 1m4s connIndex=0 event=0 ip=2606:4700:a0::8
2026-09-18T08:56:30Z INF Tunnel connection curve preferences: [X25519MLKEM768 CurveID(65074) CurveP256] connIndex=0 event=0 ip=2606:4700:a0::8
2026-09-18T08:56:30Z ERR Register tunnel error from server side error="Unauthorized: Tunnel not found" connIndex=0 event=0 ip=2606:4700:a0::8
2026-09-18T08:56:30Z INF Retrying connection in up to 1m4s connIndex=0 event=0 ip=2606:4700:a0::8
2026-09-18T08:56:57Z INF Tunnel connection curve preferences: [X25519MLKEM768 CurveID(65074) CurveP256] connIndex=0 event=0 ip=2606:4700:a0::8
2026-09-18T08:56:57Z ERR Register tunnel error from server side error="Unauthorized: Tunnel not found" connIndex=0 event=0 ip=2606:4700:a0::8
2026-09-18T08:56:57Z INF Retrying connection in up to 1m4s connIndex=0 event=0 ip=2606:4700:a0::8
2026-09-18T08:57:26Z INF Tunnel connection curve preferences: [X25519MLKEM768 CurveID(65074) CurveP256] connIndex=0 event=0 ip=2606:4700:a0::8
2026-09-18T08:57:26Z ERR Register tunnel error from server side error="Unauthorized: Tunnel not found" connIndex=0 event=0 ip=2606:4700:a0::8
2026-09-18T08:57:26Z INF Retrying connection in up to 1m4s connIndex=0 event=0 ip=2606:4700:a0::8
2026-09-18T08:57:36Z INF Tunnel connection curve preferences: [X25519MLKEM768 CurveID(65074) CurveP256] connIndex=0 event=0 ip=2606:4700:a0::8
2026-09-18T08:57:36Z ERR Register tunnel error from server side error="Unauthorized: Tunnel not found" connIndex=0 event=0 ip=2606:4700:a0::8
2026-09-18T08:57:36Z INF Retrying connection in up to 1m4s connIndex=0 event=0 ip=2606:4700:a0::8
2026-09-18T08:57:38Z INF Tunnel connection curve preferences: [X25519MLKEM768 CurveID(65074) CurveP256] connIndex=0 event=0 ip=2606:4700:a0::8
2026-09-18T08:57:39Z ERR Register tunnel error from server side error="Unauthorized: Tunnel not found" connIndex=0 event=0 ip=2606:4700:a0::8
2026-09-18T08:57:39Z INF Retrying connection in up to 1m4s connIndex=0 event=0 ip=2606:4700:a0::8
2026-09-18T08:58:00Z INF Tunnel connection curve preferences: [X25519MLKEM768 CurveID(65074) CurveP256] connIndex=0 event=0 ip=2606:4700:a0::8
2026-09-18T08:58:00Z ERR Register tunnel error from server side error="Unauthorized: Tunnel not found" connIndex=0 event=0 ip=2606:4700:a0::8
2026-09-18T08:58:00Z INF Retrying connection in up to 1m4s connIndex=0 event=0 ip=2606:4700:a0::8
2026-09-18T08:58:17Z INF Tunnel connection curve preferences: [X25519MLKEM768 CurveID(65074) CurveP256] connIndex=0 event=0 ip=2606:4700:a0::8
2026-09-18T08:58:17Z ERR Register tunnel error from server side error="Unauthorized: Tunnel not found" connIndex=0 event=0 ip=2606:4700:a0::8
2026-09-18T08:58:17Z INF Retrying connection in up to 1m4s connIndex=0 event=0 ip=2606:4700:a0::8
2026-09-18T08:58:30Z INF Tunnel connection curve preferences: [X25519MLKEM768 CurveID(65074) CurveP256] connIndex=0 event=0 ip=2606:4700:a0::8
2026-09-18T08:58:30Z ERR Register tunnel error from server side error="Unauthorized: Tunnel not found" connIndex=0 event=0 ip=2606:4700:a0::8
2026-09-18T08:58:30Z INF Retrying connection in up to 1m4s connIndex=0 event=0 ip=2606:4700:a0::8
2026-09-18T08:58:44Z INF Tunnel connection curve preferences: [X25519MLKEM768 CurveID(65074) CurveP256] connIndex=0 event=0 ip=2606:4700:a0::8
2026-09-18T08:58:44Z ERR Register tunnel error from server side error="Unauthorized: Tunnel not found" connIndex=0 event=0 ip=2606:4700:a0::8
2026-09-18T08:58:44Z INF Retrying connection in up to 1m4s connIndex=0 event=0 ip=2606:4700:a0::8
2026-09-18T08:58:47Z INF Tunnel connection curve preferences: [X25519MLKEM768 CurveID(65074) CurveP256] connIndex=0 event=0 ip=2606:4700:a0::8
2026-09-18T08:58:47Z ERR Register tunnel error from server side error="Unauthorized: Tunnel not found" connIndex=0 event=0 ip=2606:4700:a0::8
2026-09-18T08:58:47Z INF Retrying connection in up to 1m4s connIndex=0 event=0 ip=2606:4700:a0::8
2026-09-18T08:59:19Z INF Tunnel connection curve preferences: [X25519MLKEM768 CurveID(65074) CurveP256] connIndex=0 event=0 ip=2606:4700:a0::8
2026-09-18T08:59:19Z ERR Register tunnel error from server side error="Unauthorized: Tunnel not found" connIndex=0 event=0 ip=2606:4700:a0::8
2026-09-18T08:59:19Z INF Retrying connection in up to 1m4s connIndex=0 event=0 ip=2606:4700:a0::8
2026-09-18T08:59:26Z INF Tunnel connection curve preferences: [X25519MLKEM768 CurveID(65074) CurveP256] connIndex=0 event=0 ip=2606:4700:a0::8
2026-09-18T08:59:26Z ERR Register tunnel error from server side error="Unauthorized: Tunnel not found" connIndex=0 event=0 ip=2606:4700:a0::8
2026-09-18T08:59:26Z INF Retrying connection in up to 1m4s connIndex=0 event=0 ip=2606:4700:a0::8
2026-09-18T08:59:46Z INF Tunnel connection curve preferences: [X25519MLKEM768 CurveID(65074) CurveP256] connIndex=0 event=0 ip=2606:4700:a0::8
2026-09-18T08:59:46Z ERR Register tunnel error from server side error="Unauthorized: Tunnel not found" connIndex=0 event=0 ip=2606:4700:a0::8
2026-09-18T08:59:46Z INF Retrying connection in up to 1m4s connIndex=0 event=0 ip=2606:4700:a0::8
2026-09-18T09:00:04Z INF Tunnel connection curve preferences: [X25519MLKEM768 CurveID(65074) CurveP256] connIndex=0 event=0 ip=2606:4700:a0::8
2026-09-18T09:00:05Z ERR Register tunnel error from server side error="Unauthorized: Tunnel not found" connIndex=0 event=0 ip=2606:4700:a0::8
2026-09-18T09:00:05Z INF Retrying connection in up to 1m4s connIndex=0 event=0 ip=2606:4700:a0::8
2026-09-18T09:00:18Z INF Tunnel connection curve preferences: [X25519MLKEM768 CurveID(65074) CurveP256] connIndex=0 event=0 ip=2606:4700:a0::8
2026-09-18T09:00:18Z ERR Register tunnel error from server side error="Unauthorized: Tunnel not found" connIndex=0 event=0 ip=2606:4700:a0::8
2026-09-18T09:00:18Z INF Retrying connection in up to 1m4s connIndex=0 event=0 ip=2606:4700:a0::8
2026-09-18T09:00:45Z INF Tunnel connection curve preferences: [X25519MLKEM768 CurveID(65074) CurveP256] connIndex=0 event=0 ip=2606:4700:a0::8
2026-09-18T09:00:45Z ERR Register tunnel error from server side error="Unauthorized: Tunnel not found" connIndex=0 event=0 ip=2606:4700:a0::8
2026-09-18T09:00:45Z INF Retrying connection in up to 1m4s connIndex=0 event=0 ip=2606:4700:a0::8
2026-09-18T09:01:10Z INF Tunnel connection curve preferences: [X25519MLKEM768 CurveID(65074) CurveP256] connIndex=0 event=0 ip=2606:4700:a0::8
2026-09-18T09:01:10Z ERR Register tunnel error from server side error="Unauthorized: Tunnel not found" connIndex=0 event=0 ip=2606:4700:a0::8
2026-09-18T09:01:10Z INF Retrying connection in up to 1m4s connIndex=0 event=0 ip=2606:4700:a0::8
2026-09-18T09:01:39Z INF Tunnel connection curve preferences: [X25519MLKEM768 CurveID(65074) CurveP256] connIndex=0 event=0 ip=2606:4700:a0::8
2026-09-18T09:01:39Z ERR Register tunnel error from server side error="Unauthorized: Tunnel not found" connIndex=0 event=0 ip=2606:4700:a0::8
2026-09-18T09:01:39Z INF Retrying connection in up to 1m4s connIndex=0 event=0 ip=2606:4700:a0::8
2026-09-18T09:02:07Z INF Tunnel connection curve preferences: [X25519MLKEM768 CurveID(65074) CurveP256] connIndex=0 event=0 ip=2606:4700:a0::8
2026-09-18T09:02:08Z ERR Register tunnel error from server side error="Unauthorized: Tunnel not found" connIndex=0 event=0 ip=2606:4700:a0::8
2026-09-18T09:02:08Z INF Retrying connection in up to 1m4s connIndex=0 event=0 ip=2606:4700:a0::8
2026-09-18T09:02:37Z INF Tunnel connection curve preferences: [X25519MLKEM768 CurveID(65074) CurveP256] connIndex=0 event=0 ip=2606:4700:a0::8
2026-09-18T09:02:37Z ERR Register tunnel error from server side error="Unauthorized: Tunnel not found" connIndex=0 event=0 ip=2606:4700:a0::8
2026-09-18T09:02:37Z INF Retrying connection in up to 1m4s connIndex=0 event=0 ip=2606:4700:a0::8
2026-09-18T09:02:50Z INF Tunnel connection curve preferences: [X25519MLKEM768 CurveID(65074) CurveP256] connIndex=0 event=0 ip=2606:4700:a0::8
2026-09-18T09:02:50Z ERR Register tunnel error from server side error="Unauthorized: Tunnel not found" connIndex=0 event=0 ip=2606:4700:a0::8
2026-09-18T09:02:50Z INF Retrying connection in up to 1m4s connIndex=0 event=0 ip=2606:4700:a0::8
2026-09-18T09:03:10Z INF Tunnel connection curve preferences: [X25519MLKEM768 CurveID(65074) CurveP256] connIndex=0 event=0 ip=2606:4700:a0::8
2026-09-18T09:03:10Z ERR Register tunnel error from server side error="Unauthorized: Tunnel not found" connIndex=0 event=0 ip=2606:4700:a0::8
2026-09-18T09:03:10Z INF Retrying connection in up to 1m4s connIndex=0 event=0 ip=2606:4700:a0::8
2026-09-18T09:03:14Z INF Tunnel connection curve preferences: [X25519MLKEM768 CurveID(65074) CurveP256] connIndex=0 event=0 ip=2606:4700:a0::8
2026-09-18T09:03:14Z ERR Register tunnel error from server side error="Unauthorized: Tunnel not found" connIndex=0 event=0 ip=2606:4700:a0::8
2026-09-18T09:03:14Z INF Retrying connection in up to 1m4s connIndex=0 event=0 ip=2606:4700:a0::8
2026-09-18T09:03:28Z INF Tunnel connection curve preferences: [X25519MLKEM768 CurveID(65074) CurveP256] connIndex=0 event=0 ip=2606:4700:a0::8
2026-09-18T09:03:28Z ERR Register tunnel error from server side error="Unauthorized: Tunnel not found" connIndex=0 event=0 ip=2606:4700:a0::8
2026-09-18T09:03:28Z INF Retrying connection in up to 1m4s connIndex=0 event=0 ip=2606:4700:a0::8
2026-09-18T09:03:48Z INF Tunnel connection curve preferences: [X25519MLKEM768 CurveID(65074) CurveP256] connIndex=0 event=0 ip=2606:4700:a0::8
2026-09-18T09:03:48Z ERR Register tunnel error from server side error="Unauthorized: Tunnel not found" connIndex=0 event=0 ip=2606:4700:a0::8
2026-09-18T09:03:48Z INF Retrying connection in up to 1m4s connIndex=0 event=0 ip=2606:4700:a0::8
2026-09-18T09:04:16Z INF Tunnel connection curve preferences: [X25519MLKEM768 CurveID(65074) CurveP256] connIndex=0 event=0 ip=2606:4700:a0::8
2026-09-18T09:04:17Z ERR Register tunnel error from server side error="Unauthorized: Tunnel not found" connIndex=0 event=0 ip=2606:4700:a0::8
2026-09-18T09:04:17Z INF Retrying connection in up to 1m4s connIndex=0 event=0 ip=2606:4700:a0::8
2026-09-18T09:04:47Z INF Tunnel connection curve preferences: [X25519MLKEM768 CurveID(65074) CurveP256] connIndex=0 event=0 ip=2606:4700:a0::8
2026-09-18T09:04:47Z ERR Register tunnel error from server side error="Unauthorized: Tunnel not found" connIndex=0 event=0 ip=2606:4700:a0::8
2026-09-18T09:04:47Z INF Retrying connection in up to 1m4s connIndex=0 event=0 ip=2606:4700:a0::8
2026-09-18T09:04:56Z INF Tunnel connection curve preferences: [X25519MLKEM768 CurveID(65074) CurveP256] connIndex=0 event=0 ip=2606:4700:a0::8
2026-09-18T09:04:56Z ERR Register tunnel error from server side error="Unauthorized: Tunnel not found" connIndex=0 event=0 ip=2606:4700:a0::8
2026-09-18T09:04:56Z INF Retrying connection in up to 1m4s connIndex=0 event=0 ip=2606:4700:a0::8
2026-09-18T09:05:08Z INF Tunnel connection curve preferences: [X25519MLKEM768 CurveID(65074) CurveP256] connIndex=0 event=0 ip=2606:4700:a0::8
2026-09-18T09:05:08Z ERR Register tunnel error from server side error="Unauthorized: Tunnel not found" connIndex=0 event=0 ip=2606:4700:a0::8
2026-09-18T09:05:08Z INF Retrying connection in up to 1m4s connIndex=0 event=0 ip=2606:4700:a0::8
2026-09-18T09:05:35Z INF Tunnel connection curve preferences: [X25519MLKEM768 CurveID(65074) CurveP256] connIndex=0 event=0 ip=2606:4700:a0::8
2026-09-18T09:05:35Z ERR Register tunnel error from server side error="Unauthorized: Tunnel not found" connIndex=0 event=0 ip=2606:4700:a0::8
2026-09-18T09:05:35Z INF Retrying connection in up to 1m4s connIndex=0 event=0 ip=2606:4700:a0::8
2026-09-18T09:05:44Z INF Tunnel connection curve preferences: [X25519MLKEM768 CurveID(65074) CurveP256] connIndex=0 event=0 ip=2606:4700:a0::8
2026-09-18T09:05:44Z ERR Register tunnel error from server side error="Unauthorized: Tunnel not found" connIndex=0 event=0 ip=2606:4700:a0::8
2026-09-18T09:05:44Z INF Retrying connection in up to 1m4s connIndex=0 event=0 ip=2606:4700:a0::8
2026-09-18T09:06:07Z INF Tunnel connection curve preferences: [X25519MLKEM768 CurveID(65074) CurveP256] connIndex=0 event=0 ip=2606:4700:a0::8
2026-09-18T09:06:08Z ERR Register tunnel error from server side error="Unauthorized: Tunnel not found" connIndex=0 event=0 ip=2606:4700:a0::8
2026-09-18T09:06:08Z INF Retrying connection in up to 1m4s connIndex=0 event=0 ip=2606:4700:a0::8
2026-09-18T09:06:38Z INF Tunnel connection curve preferences: [X25519MLKEM768 CurveID(65074) CurveP256] connIndex=0 event=0 ip=2606:4700:a0::8
2026-09-18T09:06:38Z ERR Register tunnel error from server side error="Unauthorized: Tunnel not found" connIndex=0 event=0 ip=2606:4700:a0::8
2026-09-18T09:06:38Z INF Retrying connection in up to 1m4s connIndex=0 event=0 ip=2606:4700:a0::8
2026-09-18T09:07:00Z INF Tunnel connection curve preferences: [X25519MLKEM768 CurveID(65074) CurveP256] connIndex=0 event=0 ip=2606:4700:a0::8
2026-09-18T09:07:00Z ERR Register tunnel error from server side error="Unauthorized: Tunnel not found" connIndex=0 event=0 ip=2606:4700:a0::8
2026-09-18T09:07:00Z INF Retrying connection in up to 1m4s connIndex=0 event=0 ip=2606:4700:a0::8
2026-09-18T09:07:09Z INF Tunnel connection curve preferences: [X25519MLKEM768 CurveID(65074) CurveP256] connIndex=0 event=0 ip=2606:4700:a0::8
2026-09-18T09:07:09Z ERR Register tunnel error from server side error="Unauthorized: Tunnel not found" connIndex=0 event=0 ip=2606:4700:a0::8
2026-09-18T09:07:09Z INF Retrying connection in up to 1m4s connIndex=0 event=0 ip=2606:4700:a0::8
2026-09-18T09:07:36Z INF Tunnel connection curve preferences: [X25519MLKEM768 CurveID(65074) CurveP256] connIndex=0 event=0 ip=2606:4700:a0::8
2026-09-18T09:07:36Z ERR Register tunnel error from server side error="Unauthorized: Tunnel not found" connIndex=0 event=0 ip=2606:4700:a0::8
2026-09-18T09:07:36Z INF Retrying connection in up to 1m4s connIndex=0 event=0 ip=2606:4700:a0::8
2026-09-18T09:08:06Z INF Tunnel connection curve preferences: [X25519MLKEM768 CurveID(65074) CurveP256] connIndex=0 event=0 ip=2606:4700:a0::8
2026-09-18T09:08:06Z ERR Register tunnel error from server side error="Unauthorized: Tunnel not found" connIndex=0 event=0 ip=2606:4700:a0::8
2026-09-18T09:08:06Z INF Retrying connection in up to 1m4s connIndex=0 event=0 ip=2606:4700:a0::8
2026-09-18T09:08:17Z INF Tunnel connection curve preferences: [X25519MLKEM768 CurveID(65074) CurveP256] connIndex=0 event=0 ip=2606:4700:a0::8
2026-09-18T09:08:17Z ERR Register tunnel error from server side error="Unauthorized: Tunnel not found" connIndex=0 event=0 ip=2606:4700:a0::8
2026-09-18T09:08:17Z INF Retrying connection in up to 1m4s connIndex=0 event=0 ip=2606:4700:a0::8
2026-09-18T09:08:23Z INF Tunnel connection curve preferences: [X25519MLKEM768 CurveID(65074) CurveP256] connIndex=0 event=0 ip=2606:4700:a0::8
2026-09-18T09:08:23Z ERR Register tunnel error from server side error="Unauthorized: Tunnel not found" connIndex=0 event=0 ip=2606:4700:a0::8
2026-09-18T09:08:23Z INF Retrying connection in up to 1m4s connIndex=0 event=0 ip=2606:4700:a0::8
2026-09-18T09:08:39Z INF Tunnel connection curve preferences: [X25519MLKEM768 CurveID(65074) CurveP256] connIndex=0 event=0 ip=2606:4700:a0::8
2026-09-18T09:08:39Z ERR Register tunnel error from server side error="Unauthorized: Tunnel not found" connIndex=0 event=0 ip=2606:4700:a0::8
2026-09-18T09:08:39Z INF Retrying connection in up to 1m4s connIndex=0 event=0 ip=2606:4700:a0::8
2026-09-18T09:08:55Z INF Tunnel connection curve preferences: [X25519MLKEM768 CurveID(65074) CurveP256] connIndex=0 event=0 ip=2606:4700:a0::8
2026-09-18T09:08:55Z ERR Register tunnel error from server side error="Unauthorized: Tunnel not found" connIndex=0 event=0 ip=2606:4700:a0::8
2026-09-18T09:08:55Z INF Retrying connection in up to 1m4s connIndex=0 event=0 ip=2606:4700:a0::8
2026-09-18T09:09:23Z INF Tunnel connection curve preferences: [X25519MLKEM768 CurveID(65074) CurveP256] connIndex=0 event=0 ip=2606:4700:a0::8
2026-09-18T09:09:23Z ERR Register tunnel error from server side error="Unauthorized: Tunnel not found" connIndex=0 event=0 ip=2606:4700:a0::8
2026-09-18T09:09:23Z INF Retrying connection in up to 1m4s connIndex=0 event=0 ip=2606:4700:a0::8
2026-09-18T09:09:38Z INF Tunnel connection curve preferences: [X25519MLKEM768 CurveID(65074) CurveP256] connIndex=0 event=0 ip=2606:4700:a0::8
2026-09-18T09:09:38Z ERR Register tunnel error from server side error="Unauthorized: Tunnel not found" connIndex=0 event=0 ip=2606:4700:a0::8
2026-09-18T09:09:38Z INF Retrying connection in up to 1m4s connIndex=0 event=0 ip=2606:4700:a0::8
2026-09-18T09:09:52Z INF Tunnel connection curve preferences: [X25519MLKEM768 CurveID(65074) CurveP256] connIndex=0 event=0 ip=2606:4700:a0::8
2026-09-18T09:09:52Z ERR Register tunnel error from server side error="Unauthorized: Tunnel not found" connIndex=0 event=0 ip=2606:4700:a0::8
2026-09-18T09:09:52Z INF Retrying connection in up to 1m4s connIndex=0 event=0 ip=2606:4700:a0::8
2026-09-18T09:09:58Z INF Tunnel connection curve preferences: [X25519MLKEM768 CurveID(65074) CurveP256] connIndex=0 event=0 ip=2606:4700:a0::8
2026-09-18T09:09:58Z ERR Register tunnel error from server side error="Unauthorized: Tunnel not found" connIndex=0 event=0 ip=2606:4700:a0::8
2026-09-18T09:09:58Z INF Retrying connection in up to 1m4s connIndex=0 event=0 ip=2606:4700:a0::8
2026-09-18T09:09:59Z INF Tunnel connection curve preferences: [X25519MLKEM768 CurveID(65074) CurveP256] connIndex=0 event=0 ip=2606:4700:a0::8
2026-09-18T09:09:59Z ERR Register tunnel error from server side error="Unauthorized: Tunnel not found" connIndex=0 event=0 ip=2606:4700:a0::8
2026-09-18T09:09:59Z INF Retrying connection in up to 1m4s connIndex=0 event=0 ip=2606:4700:a0::8
2026-09-18T09:10:10Z INF Tunnel connection curve preferences: [X25519MLKEM768 CurveID(65074) CurveP256] connIndex=0 event=0 ip=2606:4700:a0::8
2026-09-18T09:10:10Z ERR Register tunnel error from server side error="Unauthorized: Tunnel not found" connIndex=0 event=0 ip=2606:4700:a0::8
2026-09-18T09:10:10Z INF Retrying connection in up to 1m4s connIndex=0 event=0 ip=2606:4700:a0::8
2026-09-18T09:10:17Z INF Tunnel connection curve preferences: [X25519MLKEM768 CurveID(65074) CurveP256] connIndex=0 event=0 ip=2606:4700:a0::8
2026-09-18T09:10:17Z ERR Register tunnel error from server side error="Unauthorized: Tunnel not found" connIndex=0 event=0 ip=2606:4700:a0::8
2026-09-18T09:10:17Z INF Retrying connection in up to 1m4s connIndex=0 event=0 ip=2606:4700:a0::8
2026-09-18T09:10:31Z INF Tunnel connection curve preferences: [X25519MLKEM768 CurveID(65074) CurveP256] connIndex=0 event=0 ip=2606:4700:a0::8
2026-09-18T09:10:31Z ERR Register tunnel error from server side error="Unauthorized: Tunnel not found" connIndex=0 event=0 ip=2606:4700:a0::8
2026-09-18T09:10:31Z INF Retrying connection in up to 1m4s connIndex=0 event=0 ip=2606:4700:a0::8
2026-09-18T09:10:50Z INF Tunnel connection curve preferences: [X25519MLKEM768 CurveID(65074) CurveP256] connIndex=0 event=0 ip=2606:4700:a0::8
2026-09-18T09:10:50Z ERR Register tunnel error from server side error="Unauthorized: Tunnel not found" connIndex=0 event=0 ip=2606:4700:a0::8
2026-09-18T09:10:50Z INF Retrying connection in up to 1m4s connIndex=0 event=0 ip=2606:4700:a0::8
2026-09-18T09:10:57Z INF Tunnel connection curve preferences: [X25519MLKEM768 CurveID(65074) CurveP256] connIndex=0 event=0 ip=2606:4700:a0::8
2026-09-18T09:10:57Z ERR Register tunnel error from server side error="Unauthorized: Tunnel not found" connIndex=0 event=0 ip=2606:4700:a0::8
2026-09-18T09:10:57Z INF Retrying connection in up to 1m4s connIndex=0 event=0 ip=2606:4700:a0::8
2026-09-18T09:10:58Z INF Tunnel connection curve preferences: [X25519MLKEM768 CurveID(65074) CurveP256] connIndex=0 event=0 ip=2606:4700:a0::8
2026-09-18T09:10:58Z ERR Register tunnel error from server side error="Unauthorized: Tunnel not found" connIndex=0 event=0 ip=2606:4700:a0::8
2026-09-18T09:10:58Z INF Retrying connection in up to 1m4s connIndex=0 event=0 ip=2606:4700:a0::8
2026-09-18T09:11:18Z INF Tunnel connection curve preferences: [X25519MLKEM768 CurveID(65074) CurveP256] connIndex=0 event=0 ip=2606:4700:a0::8
2026-09-18T09:11:18Z ERR Register tunnel error from server side error="Unauthorized: Tunnel not found" connIndex=0 event=0 ip=2606:4700:a0::8
2026-09-18T09:11:18Z INF Retrying connection in up to 1m4s connIndex=0 event=0 ip=2606:4700:a0::8
2026-09-18T09:11:49Z INF Tunnel connection curve preferences: [X25519MLKEM768 CurveID(65074) CurveP256] connIndex=0 event=0 ip=2606:4700:a0::8
2026-09-18T09:11:49Z ERR Register tunnel error from server side error="Unauthorized: Tunnel not found" connIndex=0 event=0 ip=2606:4700:a0::8
2026-09-18T09:11:49Z INF Retrying connection in up to 1m4s connIndex=0 event=0 ip=2606:4700:a0::8
2026-09-18T09:12:11Z INF Tunnel connection curve preferences: [X25519MLKEM768 CurveID(65074) CurveP256] connIndex=0 event=0 ip=2606:4700:a0::8
2026-09-18T09:12:11Z ERR Register tunnel error from server side error="Unauthorized: Tunnel not found" connIndex=0 event=0 ip=2606:4700:a0::8
2026-09-18T09:12:11Z INF Retrying connection in up to 1m4s connIndex=0 event=0 ip=2606:4700:a0::8
2026-09-18T09:12:31Z INF Tunnel connection curve preferences: [X25519MLKEM768 CurveID(65074) CurveP256] connIndex=0 event=0 ip=2606:4700:a0::8
2026-09-18T09:12:31Z ERR Register tunnel error from server side error="Unauthorized: Tunnel not found" connIndex=0 event=0 ip=2606:4700:a0::8
2026-09-18T09:12:31Z INF Retrying connection in up to 1m4s connIndex=0 event=0 ip=2606:4700:a0::8
2026-09-18T09:12:57Z INF Tunnel connection curve preferences: [X25519MLKEM768 CurveID(65074) CurveP256] connIndex=0 event=0 ip=2606:4700:a0::8
2026-09-18T09:12:57Z ERR Register tunnel error from server side error="Unauthorized: Tunnel not found" connIndex=0 event=0 ip=2606:4700:a0::8
2026-09-18T09:12:57Z INF Retrying connection in up to 1m4s connIndex=0 event=0 ip=2606:4700:a0::8
2026-09-18T09:13:25Z INF Tunnel connection curve preferences: [X25519MLKEM768 CurveID(65074) CurveP256] connIndex=0 event=0 ip=2606:4700:a0::8
2026-09-18T09:13:25Z ERR Register tunnel error from server side error="Unauthorized: Tunnel not found" connIndex=0 event=0 ip=2606:4700:a0::8
2026-09-18T09:13:25Z INF Retrying connection in up to 1m4s connIndex=0 event=0 ip=2606:4700:a0::8
2026-09-18T09:13:29Z INF Tunnel connection curve preferences: [X25519MLKEM768 CurveID(65074) CurveP256] connIndex=0 event=0 ip=2606:4700:a0::8
2026-09-18T09:13:29Z ERR Register tunnel error from server side error="Unauthorized: Tunnel not found" connIndex=0 event=0 ip=2606:4700:a0::8
2026-09-18T09:13:29Z INF Retrying connection in up to 1m4s connIndex=0 event=0 ip=2606:4700:a0::8
2026-09-18T09:13:50Z INF Tunnel connection curve preferences: [X25519MLKEM768 CurveID(65074) CurveP256] connIndex=0 event=0 ip=2606:4700:a0::8
2026-09-18T09:13:50Z ERR Register tunnel error from server side error="Unauthorized: Tunnel not found" connIndex=0 event=0 ip=2606:4700:a0::8
2026-09-18T09:13:50Z INF Retrying connection in up to 1m4s connIndex=0 event=0 ip=2606:4700:a0::8
2026-09-18T09:14:20Z INF Tunnel connection curve preferences: [X25519MLKEM768 CurveID(65074) CurveP256] connIndex=0 event=0 ip=2606:4700:a0::8
2026-09-18T09:14:20Z ERR Register tunnel error from server side error="Unauthorized: Tunnel not found" connIndex=0 event=0 ip=2606:4700:a0::8
2026-09-18T09:14:20Z INF Retrying connection in up to 1m4s connIndex=0 event=0 ip=2606:4700:a0::8
2026-09-18T09:14:26Z INF Tunnel connection curve preferences: [X25519MLKEM768 CurveID(65074) CurveP256] connIndex=0 event=0 ip=2606:4700:a0::8
2026-09-18T09:14:26Z ERR Register tunnel error from server side error="Unauthorized: Tunnel not found" connIndex=0 event=0 ip=2606:4700:a0::8
2026-09-18T09:14:26Z INF Retrying connection in up to 1m4s connIndex=0 event=0 ip=2606:4700:a0::8
2026-09-18T09:14:49Z INF Tunnel connection curve preferences: [X25519MLKEM768 CurveID(65074) CurveP256] connIndex=0 event=0 ip=2606:4700:a0::8
2026-09-18T09:14:49Z ERR Register tunnel error from server side error="Unauthorized: Tunnel not found" connIndex=0 event=0 ip=2606:4700:a0::8
2026-09-18T09:14:49Z INF Retrying connection in up to 1m4s connIndex=0 event=0 ip=2606:4700:a0::8
2026-09-18T09:14:50Z INF Tunnel connection curve preferences: [X25519MLKEM768 CurveID(65074) CurveP256] connIndex=0 event=0 ip=2606:4700:a0::8
2026-09-18T09:14:50Z ERR Register tunnel error from server side error="Unauthorized: Tunnel not found" connIndex=0 event=0 ip=2606:4700:a0::8
2026-09-18T09:14:50Z INF Retrying connection in up to 1m4s connIndex=0 event=0 ip=2606:4700:a0::8
2026-09-18T09:14:57Z INF Tunnel connection curve preferences: [X25519MLKEM768 CurveID(65074) CurveP256] connIndex=0 event=0 ip=2606:4700:a0::8
2026-09-18T09:14:57Z ERR Register tunnel error from server side error="Unauthorized: Tunnel not found" connIndex=0 event=0 ip=2606:4700:a0::8
2026-09-18T09:14:57Z INF Retrying connection in up to 1m4s connIndex=0 event=0 ip=2606:4700:a0::8
2026-09-18T09:15:14Z INF Tunnel connection curve preferences: [X25519MLKEM768 CurveID(65074) CurveP256] connIndex=0 event=0 ip=2606:4700:a0::8
2026-09-18T09:15:14Z ERR Register tunnel error from server side error="Unauthorized: Tunnel not found" connIndex=0 event=0 ip=2606:4700:a0::8
2026-09-18T09:15:14Z INF Retrying connection in up to 1m4s connIndex=0 event=0 ip=2606:4700:a0::8
2026-09-18T09:15:34Z INF Tunnel connection curve preferences: [X25519MLKEM768 CurveID(65074) CurveP256] connIndex=0 event=0 ip=2606:4700:a0::8
2026-09-18T09:15:34Z ERR Register tunnel error from server side error="Unauthorized: Tunnel not found" connIndex=0 event=0 ip=2606:4700:a0::8
2026-09-18T09:15:34Z INF Retrying connection in up to 1m4s connIndex=0 event=0 ip=2606:4700:a0::8
2026-09-18T09:15:55Z INF Tunnel connection curve preferences: [X25519MLKEM768 CurveID(65074) CurveP256] connIndex=0 event=0 ip=2606:4700:a0::8
2026-09-18T09:15:55Z ERR Register tunnel error from server side error="Unauthorized: Tunnel not found" connIndex=0 event=0 ip=2606:4700:a0::8
2026-09-18T09:15:55Z INF Retrying connection in up to 1m4s connIndex=0 event=0 ip=2606:4700:a0::8
2026-09-18T09:16:15Z INF Tunnel connection curve preferences: [X25519MLKEM768 CurveID(65074) CurveP256] connIndex=0 event=0 ip=2606:4700:a0::8
2026-09-18T09:16:15Z ERR Register tunnel error from server side error="Unauthorized: Tunnel not found" connIndex=0 event=0 ip=2606:4700:a0::8
2026-09-18T09:16:15Z INF Retrying connection in up to 1m4s connIndex=0 event=0 ip=2606:4700:a0::8
2026-09-18T09:16:40Z INF Tunnel connection curve preferences: [X25519MLKEM768 CurveID(65074) CurveP256] connIndex=0 event=0 ip=2606:4700:a0::8
2026-09-18T09:16:40Z ERR Register tunnel error from server side error="Unauthorized: Tunnel not found" connIndex=0 event=0 ip=2606:4700:a0::8
2026-09-18T09:16:40Z INF Retrying connection in up to 1m4s connIndex=0 event=0 ip=2606:4700:a0::8
2026-09-18T09:16:53Z INF Tunnel connection curve preferences: [X25519MLKEM768 CurveID(65074) CurveP256] connIndex=0 event=0 ip=2606:4700:a0::8
2026-09-18T09:16:53Z ERR Register tunnel error from server side error="Unauthorized: Tunnel not found" connIndex=0 event=0 ip=2606:4700:a0::8
2026-09-18T09:16:53Z INF Retrying connection in up to 1m4s connIndex=0 event=0 ip=2606:4700:a0::8
2026-09-18T09:17:13Z INF Tunnel connection curve preferences: [X25519MLKEM768 CurveID(65074) CurveP256] connIndex=0 event=0 ip=2606:4700:a0::8
2026-09-18T09:17:13Z ERR Register tunnel error from server side error="Unauthorized: Tunnel not found" connIndex=0 event=0 ip=2606:4700:a0::8
2026-09-18T09:17:13Z INF Retrying connection in up to 1m4s connIndex=0 event=0 ip=2606:4700:a0::8
2026-09-18T09:17:27Z INF Tunnel connection curve preferences: [X25519MLKEM768 CurveID(65074) CurveP256] connIndex=0 event=0 ip=2606:4700:a0::8
2026-09-18T09:17:27Z ERR Register tunnel error from server side error="Unauthorized: Tunnel not found" connIndex=0 event=0 ip=2606:4700:a0::8
2026-09-18T09:17:27Z INF Retrying connection in up to 1m4s connIndex=0 event=0 ip=2606:4700:a0::8
2026-09-18T09:17:41Z INF Tunnel connection curve preferences: [X25519MLKEM768 CurveID(65074) CurveP256] connIndex=0 event=0 ip=2606:4700:a0::8
2026-09-18T09:17:41Z ERR Register tunnel error from server side error="Unauthorized: Tunnel not found" connIndex=0 event=0 ip=2606:4700:a0::8
2026-09-18T09:17:41Z INF Retrying connection in up to 1m4s connIndex=0 event=0 ip=2606:4700:a0::8
2026-09-18T09:18:01Z INF Tunnel connection curve preferences: [X25519MLKEM768 CurveID(65074) CurveP256] connIndex=0 event=0 ip=2606:4700:a0::8
2026-09-18T09:18:01Z ERR Register tunnel error from server side error="Unauthorized: Tunnel not found" connIndex=0 event=0 ip=2606:4700:a0::8
2026-09-18T09:18:01Z INF Retrying connection in up to 1m4s connIndex=0 event=0 ip=2606:4700:a0::8
2026-09-18T09:18:23Z INF Tunnel connection curve preferences: [X25519MLKEM768 CurveID(65074) CurveP256] connIndex=0 event=0 ip=2606:4700:a0::8
2026-09-18T09:18:24Z ERR Register tunnel error from server side error="Unauthorized: Tunnel not found" connIndex=0 event=0 ip=2606:4700:a0::8
2026-09-18T09:18:24Z INF Retrying connection in up to 1m4s connIndex=0 event=0 ip=2606:4700:a0::8
2026-09-18T09:18:32Z INF Tunnel connection curve preferences: [X25519MLKEM768 CurveID(65074) CurveP256] connIndex=0 event=0 ip=2606:4700:a0::8
2026-09-18T09:18:32Z ERR Register tunnel error from server side error="Unauthorized: Tunnel not found" connIndex=0 event=0 ip=2606:4700:a0::8
2026-09-18T09:18:32Z INF Retrying connection in up to 1m4s connIndex=0 event=0 ip=2606:4700:a0::8
2026-09-18T09:18:49Z INF Tunnel connection curve preferences: [X25519MLKEM768 CurveID(65074) CurveP256] connIndex=0 event=0 ip=2606:4700:a0::8
2026-09-18T09:18:49Z ERR Register tunnel error from server side error="Unauthorized: Tunnel not found" connIndex=0 event=0 ip=2606:4700:a0::8
2026-09-18T09:18:49Z INF Retrying connection in up to 1m4s connIndex=0 event=0 ip=2606:4700:a0::8
2026-09-18T09:19:17Z INF Tunnel connection curve preferences: [X25519MLKEM768 CurveID(65074) CurveP256] connIndex=0 event=0 ip=2606:4700:a0::8
2026-09-18T09:19:17Z ERR Register tunnel error from server side error="Unauthorized: Tunnel not found" connIndex=0 event=0 ip=2606:4700:a0::8
2026-09-18T09:19:17Z INF Retrying connection in up to 1m4s connIndex=0 event=0 ip=2606:4700:a0::8
2026-09-18T09:19:37Z INF Tunnel connection curve preferences: [X25519MLKEM768 CurveID(65074) CurveP256] connIndex=0 event=0 ip=2606:4700:a0::8
2026-09-18T09:19:37Z ERR Register tunnel error from server side error="Unauthorized: Tunnel not found" connIndex=0 event=0 ip=2606:4700:a0::8
2026-09-18T09:19:37Z INF Retrying connection in up to 1m4s connIndex=0 event=0 ip=2606:4700:a0::8
2026-09-18T09:19:56Z INF Tunnel connection curve preferences: [X25519MLKEM768 CurveID(65074) CurveP256] connIndex=0 event=0 ip=2606:4700:a0::8
2026-09-18T09:19:56Z ERR Register tunnel error from server side error="Unauthorized: Tunnel not found" connIndex=0 event=0 ip=2606:4700:a0::8
2026-09-18T09:19:56Z INF Retrying connection in up to 1m4s connIndex=0 event=0 ip=2606:4700:a0::8
2026-09-18T09:20:17Z INF Tunnel connection curve preferences: [X25519MLKEM768 CurveID(65074) CurveP256] connIndex=0 event=0 ip=2606:4700:a0::8
2026-09-18T09:20:17Z ERR Register tunnel error from server side error="Unauthorized: Tunnel not found" connIndex=0 event=0 ip=2606:4700:a0::8
2026-09-18T09:20:17Z INF Retrying connection in up to 1m4s connIndex=0 event=0 ip=2606:4700:a0::8
2026-09-18T09:20:22Z INF Tunnel connection curve preferences: [X25519MLKEM768 CurveID(65074) CurveP256] connIndex=0 event=0 ip=2606:4700:a0::8
2026-09-18T09:20:22Z ERR Register tunnel error from server side error="Unauthorized: Tunnel not found" connIndex=0 event=0 ip=2606:4700:a0::8
2026-09-18T09:20:22Z INF Retrying connection in up to 1m4s connIndex=0 event=0 ip=2606:4700:a0::8
2026-09-18T09:20:34Z INF Tunnel connection curve preferences: [X25519MLKEM768 CurveID(65074) CurveP256] connIndex=0 event=0 ip=2606:4700:a0::8
2026-09-18T09:20:34Z ERR Register tunnel error from server side error="Unauthorized: Tunnel not found" connIndex=0 event=0 ip=2606:4700:a0::8
2026-09-18T09:20:34Z INF Retrying connection in up to 1m4s connIndex=0 event=0 ip=2606:4700:a0::8
2026-09-18T09:20:38Z INF Tunnel connection curve preferences: [X25519MLKEM768 CurveID(65074) CurveP256] connIndex=0 event=0 ip=2606:4700:a0::8
2026-09-18T09:20:38Z ERR Register tunnel error from server side error="Unauthorized: Tunnel not found" connIndex=0 event=0 ip=2606:4700:a0::8
2026-09-18T09:20:38Z INF Retrying connection in up to 1m4s connIndex=0 event=0 ip=2606:4700:a0::8
2026-09-18T09:20:38Z INF Tunnel connection curve preferences: [X25519MLKEM768 CurveID(65074) CurveP256] connIndex=0 event=0 ip=2606:4700:a0::8
2026-09-18T09:20:38Z ERR Register tunnel error from server side error="Unauthorized: Tunnel not found" connIndex=0 event=0 ip=2606:4700:a0::8
2026-09-18T09:20:38Z INF Retrying connection in up to 1m4s connIndex=0 event=0 ip=2606:4700:a0::8
2026-09-18T09:20:59Z INF Tunnel connection curve preferences: [X25519MLKEM768 CurveID(65074) CurveP256] connIndex=0 event=0 ip=2606:4700:a0::8
2026-09-18T09:20:59Z ERR Register tunnel error from server side error="Unauthorized: Tunnel not found" connIndex=0 event=0 ip=2606:4700:a0::8
2026-09-18T09:20:59Z INF Retrying connection in up to 1m4s connIndex=0 event=0 ip=2606:4700:a0::8
2026-09-18T09:21:11Z INF Tunnel connection curve preferences: [X25519MLKEM768 CurveID(65074) CurveP256] connIndex=0 event=0 ip=2606:4700:a0::8
2026-09-18T09:21:11Z ERR Register tunnel error from server side error="Unauthorized: Tunnel not found" connIndex=0 event=0 ip=2606:4700:a0::8
2026-09-18T09:21:11Z INF Retrying connection in up to 1m4s connIndex=0 event=0 ip=2606:4700:a0::8
2026-09-18T09:21:19Z INF Tunnel connection curve preferences: [X25519MLKEM768 CurveID(65074) CurveP256] connIndex=0 event=0 ip=2606:4700:a0::8
2026-09-18T09:21:19Z ERR Register tunnel error from server side error="Unauthorized: Tunnel not found" connIndex=0 event=0 ip=2606:4700:a0::8
2026-09-18T09:21:19Z INF Retrying connection in up to 1m4s connIndex=0 event=0 ip=2606:4700:a0::8
2026-09-18T09:21:24Z INF Tunnel connection curve preferences: [X25519MLKEM768 CurveID(65074) CurveP256] connIndex=0 event=0 ip=2606:4700:a0::8
2026-09-18T09:21:24Z ERR Register tunnel error from server side error="Unauthorized: Tunnel not found" connIndex=0 event=0 ip=2606:4700:a0::8
2026-09-18T09:21:24Z INF Retrying connection in up to 1m4s connIndex=0 event=0 ip=2606:4700:a0::8
2026-09-18T09:21:51Z INF Tunnel connection curve preferences: [X25519MLKEM768 CurveID(65074) CurveP256] connIndex=0 event=0 ip=2606:4700:a0::8
2026-09-18T09:21:51Z ERR Register tunnel error from server side error="Unauthorized: Tunnel not found" connIndex=0 event=0 ip=2606:4700:a0::8
2026-09-18T09:21:51Z INF Retrying connection in up to 1m4s connIndex=0 event=0 ip=2606:4700:a0::8
2026-09-18T09:22:03Z INF Tunnel connection curve preferences: [X25519MLKEM768 CurveID(65074) CurveP256] connIndex=0 event=0 ip=2606:4700:a0::8
2026-09-18T09:22:03Z ERR Register tunnel error from server side error="Unauthorized: Tunnel not found" connIndex=0 event=0 ip=2606:4700:a0::8
2026-09-18T09:22:03Z INF Retrying connection in up to 1m4s connIndex=0 event=0 ip=2606:4700:a0::8
2026-09-18T09:22:25Z INF Tunnel connection curve preferences: [X25519MLKEM768 CurveID(65074) CurveP256] connIndex=0 event=0 ip=2606:4700:a0::8
2026-09-18T09:22:25Z ERR Register tunnel error from server side error="Unauthorized: Tunnel not found" connIndex=0 event=0 ip=2606:4700:a0::8
2026-09-18T09:22:25Z INF Retrying connection in up to 1m4s connIndex=0 event=0 ip=2606:4700:a0::8
2026-09-18T09:22:27Z INF Tunnel connection curve preferences: [X25519MLKEM768 CurveID(65074) CurveP256] connIndex=0 event=0 ip=2606:4700:a0::8
2026-09-18T09:22:27Z ERR Register tunnel error from server side error="Unauthorized: Tunnel not found" connIndex=0 event=0 ip=2606:4700:a0::8
2026-09-18T09:22:27Z INF Retrying connection in up to 1m4s connIndex=0 event=0 ip=2606:4700:a0::8
2026-09-18T09:22:34Z INF Tunnel connection curve preferences: [X25519MLKEM768 CurveID(65074) CurveP256] connIndex=0 event=0 ip=2606:4700:a0::8
2026-09-18T09:22:34Z ERR Register tunnel error from server side error="Unauthorized: Tunnel not found" connIndex=0 event=0 ip=2606:4700:a0::8
2026-09-18T09:22:34Z INF Retrying connection in up to 1m4s connIndex=0 event=0 ip=2606:4700:a0::8
2026-09-18T09:22:56Z INF Tunnel connection curve preferences: [X25519MLKEM768 CurveID(65074) CurveP256] connIndex=0 event=0 ip=2606:4700:a0::8
2026-09-18T09:22:56Z ERR Register tunnel error from server side error="Unauthorized: Tunnel not found" connIndex=0 event=0 ip=2606:4700:a0::8
2026-09-18T09:22:56Z INF Retrying connection in up to 1m4s connIndex=0 event=0 ip=2606:4700:a0::8
2026-09-18T09:23:00Z INF Tunnel connection curve preferences: [X25519MLKEM768 CurveID(65074) CurveP256] connIndex=0 event=0 ip=2606:4700:a0::8
2026-09-18T09:23:00Z ERR Register tunnel error from server side error="Unauthorized: Tunnel not found" connIndex=0 event=0 ip=2606:4700:a0::8
2026-09-18T09:23:00Z INF Retrying connection in up to 1m4s connIndex=0 event=0 ip=2606:4700:a0::8
2026-09-18T09:23:07Z INF Tunnel connection curve preferences: [X25519MLKEM768 CurveID(65074) CurveP256] connIndex=0 event=0 ip=2606:4700:a0::8
2026-09-18T09:23:07Z ERR Register tunnel error from server side error="Unauthorized: Tunnel not found" connIndex=0 event=0 ip=2606:4700:a0::8
2026-09-18T09:23:07Z INF Retrying connection in up to 1m4s connIndex=0 event=0 ip=2606:4700:a0::8
2026-09-18T09:23:38Z INF Tunnel connection curve preferences: [X25519MLKEM768 CurveID(65074) CurveP256] connIndex=0 event=0 ip=2606:4700:a0::8
2026-09-18T09:23:38Z ERR Register tunnel error from server side error="Unauthorized: Tunnel not found" connIndex=0 event=0 ip=2606:4700:a0::8
2026-09-18T09:23:38Z INF Retrying connection in up to 1m4s connIndex=0 event=0 ip=2606:4700:a0::8
2026-09-18T09:23:56Z INF Tunnel connection curve preferences: [X25519MLKEM768 CurveID(65074) CurveP256] connIndex=0 event=0 ip=2606:4700:a0::8
2026-09-18T09:23:57Z ERR Register tunnel error from server side error="Unauthorized: Tunnel not found" connIndex=0 event=0 ip=2606:4700:a0::8
2026-09-18T09:23:57Z INF Retrying connection in up to 1m4s connIndex=0 event=0 ip=2606:4700:a0::8
2026-09-18T09:24:05Z INF Tunnel connection curve preferences: [X25519MLKEM768 CurveID(65074) CurveP256] connIndex=0 event=0 ip=2606:4700:a0::8
2026-09-18T09:24:06Z ERR Register tunnel error from server side error="Unauthorized: Tunnel not found" connIndex=0 event=0 ip=2606:4700:a0::8
2026-09-18T09:24:06Z INF Retrying connection in up to 1m4s connIndex=0 event=0 ip=2606:4700:a0::8
2026-09-18T09:24:22Z INF Tunnel connection curve preferences: [X25519MLKEM768 CurveID(65074) CurveP256] connIndex=0 event=0 ip=2606:4700:a0::8
2026-09-18T09:24:22Z ERR Register tunnel error from server side error="Unauthorized: Tunnel not found" connIndex=0 event=0 ip=2606:4700:a0::8
2026-09-18T09:24:22Z INF Retrying connection in up to 1m4s connIndex=0 event=0 ip=2606:4700:a0::8
2026-09-18T09:24:43Z INF Tunnel connection curve preferences: [X25519MLKEM768 CurveID(65074) CurveP256] connIndex=0 event=0 ip=2606:4700:a0::8
2026-09-18T09:24:44Z ERR Register tunnel error from server side error="Unauthorized: Tunnel not found" connIndex=0 event=0 ip=2606:4700:a0::8
2026-09-18T09:24:44Z INF Retrying connection in up to 1m4s connIndex=0 event=0 ip=2606:4700:a0::8
2026-09-18T09:24:51Z INF Tunnel connection curve preferences: [X25519MLKEM768 CurveID(65074) CurveP256] connIndex=0 event=0 ip=2606:4700:a0::8
2026-09-18T09:24:51Z ERR Register tunnel error from server side error="Unauthorized: Tunnel not found" connIndex=0 event=0 ip=2606:4700:a0::8
2026-09-18T09:24:51Z INF Retrying connection in up to 1m4s connIndex=0 event=0 ip=2606:4700:a0::8
2026-09-18T09:25:07Z INF Tunnel connection curve preferences: [X25519MLKEM768 CurveID(65074) CurveP256] connIndex=0 event=0 ip=2606:4700:a0::8
2026-09-18T09:25:07Z ERR Register tunnel error from server side error="Unauthorized: Tunnel not found" connIndex=0 event=0 ip=2606:4700:a0::8
2026-09-18T09:25:07Z INF Retrying connection in up to 1m4s connIndex=0 event=0 ip=2606:4700:a0::8
2026-09-18T09:25:39Z INF Tunnel connection curve preferences: [X25519MLKEM768 CurveID(65074) CurveP256] connIndex=0 event=0 ip=2606:4700:a0::8
2026-09-18T09:25:39Z ERR Register tunnel error from server side error="Unauthorized: Tunnel not found" connIndex=0 event=0 ip=2606:4700:a0::8
2026-09-18T09:25:39Z INF Retrying connection in up to 1m4s connIndex=0 event=0 ip=2606:4700:a0::8
2026-09-18T09:25:46Z INF Tunnel connection curve preferences: [X25519MLKEM768 CurveID(65074) CurveP256] connIndex=0 event=0 ip=2606:4700:a0::8
2026-09-18T09:25:46Z ERR Register tunnel error from server side error="Unauthorized: Tunnel not found" connIndex=0 event=0 ip=2606:4700:a0::8
2026-09-18T09:25:46Z INF Retrying connection in up to 1m4s connIndex=0 event=0 ip=2606:4700:a0::8
2026-09-18T09:26:14Z INF Tunnel connection curve preferences: [X25519MLKEM768 CurveID(65074) CurveP256] connIndex=0 event=0 ip=2606:4700:a0::8
2026-09-18T09:26:14Z ERR Register tunnel error from server side error="Unauthorized: Tunnel not found" connIndex=0 event=0 ip=2606:4700:a0::8
2026-09-18T09:26:14Z INF Retrying connection in up to 1m4s connIndex=0 event=0 ip=2606:4700:a0::8
2026-09-18T09:26:35Z INF Tunnel connection curve preferences: [X25519MLKEM768 CurveID(65074) CurveP256] connIndex=0 event=0 ip=2606:4700:a0::8
2026-09-18T09:26:35Z ERR Register tunnel error from server side error="Unauthorized: Tunnel not found" connIndex=0 event=0 ip=2606:4700:a0::8
2026-09-18T09:26:35Z INF Retrying connection in up to 1m4s connIndex=0 event=0 ip=2606:4700:a0::8
2026-09-18T09:26:38Z INF Tunnel connection curve preferences: [X25519MLKEM768 CurveID(65074) CurveP256] connIndex=0 event=0 ip=2606:4700:a0::8
2026-09-18T09:26:38Z ERR Register tunnel error from server side error="Unauthorized: Tunnel not found" connIndex=0 event=0 ip=2606:4700:a0::8
2026-09-18T09:26:38Z INF Retrying connection in up to 1m4s connIndex=0 event=0 ip=2606:4700:a0::8
2026-09-18T09:26:55Z INF Tunnel connection curve preferences: [X25519MLKEM768 CurveID(65074) CurveP256] connIndex=0 event=0 ip=2606:4700:a0::8
2026-09-18T09:26:55Z ERR Register tunnel error from server side error="Unauthorized: Tunnel not found" connIndex=0 event=0 ip=2606:4700:a0::8
2026-09-18T09:26:55Z INF Retrying connection in up to 1m4s connIndex=0 event=0 ip=2606:4700:a0::8
2026-09-18T09:27:19Z INF Tunnel connection curve preferences: [X25519MLKEM768 CurveID(65074) CurveP256] connIndex=0 event=0 ip=2606:4700:a0::8
2026-09-18T09:27:19Z ERR Register tunnel error from server side error="Unauthorized: Tunnel not found" connIndex=0 event=0 ip=2606:4700:a0::8
2026-09-18T09:27:19Z INF Retrying connection in up to 1m4s connIndex=0 event=0 ip=2606:4700:a0::8
2026-09-18T09:27:28Z INF Tunnel connection curve preferences: [X25519MLKEM768 CurveID(65074) CurveP256] connIndex=0 event=0 ip=2606:4700:a0::8
2026-09-18T09:27:28Z ERR Register tunnel error from server side error="Unauthorized: Tunnel not found" connIndex=0 event=0 ip=2606:4700:a0::8
2026-09-18T09:27:28Z INF Retrying connection in up to 1m4s connIndex=0 event=0 ip=2606:4700:a0::8
2026-09-18T09:27:51Z INF Tunnel connection curve preferences: [X25519MLKEM768 CurveID(65074) CurveP256] connIndex=0 event=0 ip=2606:4700:a0::8
2026-09-18T09:27:51Z ERR Register tunnel error from server side error="Unauthorized: Tunnel not found" connIndex=0 event=0 ip=2606:4700:a0::8
2026-09-18T09:27:51Z INF Retrying connection in up to 1m4s connIndex=0 event=0 ip=2606:4700:a0::8
2026-09-18T09:28:17Z INF Tunnel connection curve preferences: [X25519MLKEM768 CurveID(65074) CurveP256] connIndex=0 event=0 ip=2606:4700:a0::8
2026-09-18T09:28:17Z ERR Register tunnel error from server side error="Unauthorized: Tunnel not found" connIndex=0 event=0 ip=2606:4700:a0::8
2026-09-18T09:28:17Z INF Retrying connection in up to 1m4s connIndex=0 event=0 ip=2606:4700:a0::8
2026-09-18T09:28:23Z INF Tunnel connection curve preferences: [X25519MLKEM768 CurveID(65074) CurveP256] connIndex=0 event=0 ip=2606:4700:a0::8
2026-09-18T09:28:23Z ERR Register tunnel error from server side error="Unauthorized: Tunnel not found" connIndex=0 event=0 ip=2606:4700:a0::8
2026-09-18T09:28:23Z INF Retrying connection in up to 1m4s connIndex=0 event=0 ip=2606:4700:a0::8
2026-09-18T09:28:39Z INF Tunnel connection curve preferences: [X25519MLKEM768 CurveID(65074) CurveP256] connIndex=0 event=0 ip=2606:4700:a0::8
2026-09-18T09:28:39Z ERR Register tunnel error from server side error="Unauthorized: Tunnel not found" connIndex=0 event=0 ip=2606:4700:a0::8
2026-09-18T09:28:39Z INF Retrying connection in up to 1m4s connIndex=0 event=0 ip=2606:4700:a0::8
2026-09-18T09:28:45Z INF Tunnel connection curve preferences: [X25519MLKEM768 CurveID(65074) CurveP256] connIndex=0 event=0 ip=2606:4700:a0::8
2026-09-18T09:28:45Z ERR Register tunnel error from server side error="Unauthorized: Tunnel not found" connIndex=0 event=0 ip=2606:4700:a0::8
2026-09-18T09:28:45Z INF Retrying connection in up to 1m4s connIndex=0 event=0 ip=2606:4700:a0::8
2026-09-18T09:29:00Z INF Tunnel connection curve preferences: [X25519MLKEM768 CurveID(65074) CurveP256] connIndex=0 event=0 ip=2606:4700:a0::8
2026-09-18T09:29:01Z ERR Register tunnel error from server side error="Unauthorized: Tunnel not found" connIndex=0 event=0 ip=2606:4700:a0::8
2026-09-18T09:29:01Z INF Retrying connection in up to 1m4s connIndex=0 event=0 ip=2606:4700:a0::8
2026-09-18T09:29:24Z INF Tunnel connection curve preferences: [X25519MLKEM768 CurveID(65074) CurveP256] connIndex=0 event=0 ip=2606:4700:a0::8
2026-09-18T09:29:24Z ERR Register tunnel error from server side error="Unauthorized: Tunnel not found" connIndex=0 event=0 ip=2606:4700:a0::8
2026-09-18T09:29:24Z INF Retrying connection in up to 1m4s connIndex=0 event=0 ip=2606:4700:a0::8
2026-09-18T09:29:24Z INF Tunnel connection curve preferences: [X25519MLKEM768 CurveID(65074) CurveP256] connIndex=0 event=0 ip=2606:4700:a0::8
2026-09-18T09:29:24Z ERR Register tunnel error from server side error="Unauthorized: Tunnel not found" connIndex=0 event=0 ip=2606:4700:a0::8
2026-09-18T09:29:24Z INF Retrying connection in up to 1m4s connIndex=0 event=0 ip=2606:4700:a0::8
2026-09-18T09:29:41Z INF Tunnel connection curve preferences: [X25519MLKEM768 CurveID(65074) CurveP256] connIndex=0 event=0 ip=2606:4700:a0::8
2026-09-18T09:29:41Z ERR Register tunnel error from server side error="Unauthorized: Tunnel not found" connIndex=0 event=0 ip=2606:4700:a0::8
2026-09-18T09:29:41Z INF Retrying connection in up to 1m4s connIndex=0 event=0 ip=2606:4700:a0::8
2026-09-18T09:30:01Z INF Tunnel connection curve preferences: [X25519MLKEM768 CurveID(65074) CurveP256] connIndex=0 event=0 ip=2606:4700:a0::8
2026-09-18T09:30:01Z ERR Register tunnel error from server side error="Unauthorized: Tunnel not found" connIndex=0 event=0 ip=2606:4700:a0::8
2026-09-18T09:30:01Z INF Retrying connection in up to 1m4s connIndex=0 event=0 ip=2606:4700:a0::8
2026-09-18T09:30:24Z INF Tunnel connection curve preferences: [X25519MLKEM768 CurveID(65074) CurveP256] connIndex=0 event=0 ip=2606:4700:a0::8
2026-09-18T09:30:24Z ERR Register tunnel error from server side error="Unauthorized: Tunnel not found" connIndex=0 event=0 ip=2606:4700:a0::8
2026-09-18T09:30:24Z INF Retrying connection in up to 1m4s connIndex=0 event=0 ip=2606:4700:a0::8
2026-09-18T09:30:48Z INF Tunnel connection curve preferences: [X25519MLKEM768 CurveID(65074) CurveP256] connIndex=0 event=0 ip=2606:4700:a0::8
2026-09-18T09:30:48Z ERR Register tunnel error from server side error="Unauthorized: Tunnel not found" connIndex=0 event=0 ip=2606:4700:a0::8
2026-09-18T09:30:48Z INF Retrying connection in up to 1m4s connIndex=0 event=0 ip=2606:4700:a0::8
2026-09-18T09:31:01Z INF Tunnel connection curve preferences: [X25519MLKEM768 CurveID(65074) CurveP256] connIndex=0 event=0 ip=2606:4700:a0::8
2026-09-18T09:31:01Z ERR Register tunnel error from server side error="Unauthorized: Tunnel not found" connIndex=0 event=0 ip=2606:4700:a0::8
2026-09-18T09:31:01Z INF Retrying connection in up to 1m4s connIndex=0 event=0 ip=2606:4700:a0::8
2026-09-18T09:31:28Z INF Tunnel connection curve preferences: [X25519MLKEM768 CurveID(65074) CurveP256] connIndex=0 event=0 ip=2606:4700:a0::8
2026-09-18T09:31:28Z ERR Register tunnel error from server side error="Unauthorized: Tunnel not found" connIndex=0 event=0 ip=2606:4700:a0::8
2026-09-18T09:31:28Z INF Retrying connection in up to 1m4s connIndex=0 event=0 ip=2606:4700:a0::8
2026-09-18T09:31:31Z INF Tunnel connection curve preferences: [X25519MLKEM768 CurveID(65074) CurveP256] connIndex=0 event=0 ip=2606:4700:a0::8
2026-09-18T09:31:31Z ERR Register tunnel error from server side error="Unauthorized: Tunnel not found" connIndex=0 event=0 ip=2606:4700:a0::8
2026-09-18T09:31:31Z INF Retrying connection in up to 1m4s connIndex=0 event=0 ip=2606:4700:a0::8
2026-09-18T09:31:39Z INF Tunnel connection curve preferences: [X25519MLKEM768 CurveID(65074) CurveP256] connIndex=0 event=0 ip=2606:4700:a0::8
2026-09-18T09:31:39Z ERR Register tunnel error from server side error="Unauthorized: Tunnel not found" connIndex=0 event=0 ip=2606:4700:a0::8
2026-09-18T09:31:39Z INF Retrying connection in up to 1m4s connIndex=0 event=0 ip=2606:4700:a0::8
2026-09-18T09:31:55Z INF Tunnel connection curve preferences: [X25519MLKEM768 CurveID(65074) CurveP256] connIndex=0 event=0 ip=2606:4700:a0::8
2026-09-18T09:31:55Z ERR Register tunnel error from server side error="Unauthorized: Tunnel not found" connIndex=0 event=0 ip=2606:4700:a0::8
2026-09-18T09:31:55Z INF Retrying connection in up to 1m4s connIndex=0 event=0 ip=2606:4700:a0::8
2026-09-18T09:31:58Z INF Tunnel connection curve preferences: [X25519MLKEM768 CurveID(65074) CurveP256] connIndex=0 event=0 ip=2606:4700:a0::8
2026-09-18T09:31:58Z ERR Register tunnel error from server side error="Unauthorized: Tunnel not found" connIndex=0 event=0 ip=2606:4700:a0::8
2026-09-18T09:31:58Z INF Retrying connection in up to 1m4s connIndex=0 event=0 ip=2606:4700:a0::8
2026-09-18T09:32:26Z INF Tunnel connection curve preferences: [X25519MLKEM768 CurveID(65074) CurveP256] connIndex=0 event=0 ip=2606:4700:a0::8
2026-09-18T09:32:26Z ERR Register tunnel error from server side error="Unauthorized: Tunnel not found" connIndex=0 event=0 ip=2606:4700:a0::8
2026-09-18T09:32:26Z INF Retrying connection in up to 1m4s connIndex=0 event=0 ip=2606:4700:a0::8
2026-09-18T09:32:57Z INF Tunnel connection curve preferences: [X25519MLKEM768 CurveID(65074) CurveP256] connIndex=0 event=0 ip=2606:4700:a0::8
2026-09-18T09:32:58Z ERR Register tunnel error from server side error="Unauthorized: Tunnel not found" connIndex=0 event=0 ip=2606:4700:a0::8
2026-09-18T09:32:58Z INF Retrying connection in up to 1m4s connIndex=0 event=0 ip=2606:4700:a0::8
2026-09-18T09:33:15Z INF Tunnel connection curve preferences: [X25519MLKEM768 CurveID(65074) CurveP256] connIndex=0 event=0 ip=2606:4700:a0::8
2026-09-18T09:33:15Z ERR Register tunnel error from server side error="Unauthorized: Tunnel not found" connIndex=0 event=0 ip=2606:4700:a0::8
2026-09-18T09:33:15Z INF Retrying connection in up to 1m4s connIndex=0 event=0 ip=2606:4700:a0::8
2026-09-18T09:33:37Z INF Tunnel connection curve preferences: [X25519MLKEM768 CurveID(65074) CurveP256] connIndex=0 event=0 ip=2606:4700:a0::8
2026-09-18T09:33:37Z ERR Register tunnel error from server side error="Unauthorized: Tunnel not found" connIndex=0 event=0 ip=2606:4700:a0::8
2026-09-18T09:33:37Z INF Retrying connection in up to 1m4s connIndex=0 event=0 ip=2606:4700:a0::8
2026-09-18T09:34:06Z INF Tunnel connection curve preferences: [X25519MLKEM768 CurveID(65074) CurveP256] connIndex=0 event=0 ip=2606:4700:a0::8
2026-09-18T09:34:07Z ERR Register tunnel error from server side error="Unauthorized: Tunnel not found" connIndex=0 event=0 ip=2606:4700:a0::8
2026-09-18T09:34:07Z INF Retrying connection in up to 1m4s connIndex=0 event=0 ip=2606:4700:a0::8
2026-09-18T09:34:14Z INF Tunnel connection curve preferences: [X25519MLKEM768 CurveID(65074) CurveP256] connIndex=0 event=0 ip=2606:4700:a0::8
2026-09-18T09:34:14Z ERR Register tunnel error from server side error="Unauthorized: Tunnel not found" connIndex=0 event=0 ip=2606:4700:a0::8
2026-09-18T09:34:14Z INF Retrying connection in up to 1m4s connIndex=0 event=0 ip=2606:4700:a0::8
2026-09-18T09:34:30Z INF Tunnel connection curve preferences: [X25519MLKEM768 CurveID(65074) CurveP256] connIndex=0 event=0 ip=2606:4700:a0::8
2026-09-18T09:34:30Z ERR Register tunnel error from server side error="Unauthorized: Tunnel not found" connIndex=0 event=0 ip=2606:4700:a0::8
2026-09-18T09:34:30Z INF Retrying connection in up to 1m4s connIndex=0 event=0 ip=2606:4700:a0::8
2026-09-18T09:34:37Z INF Tunnel connection curve preferences: [X25519MLKEM768 CurveID(65074) CurveP256] connIndex=0 event=0 ip=2606:4700:a0::8
2026-09-18T09:34:38Z ERR Register tunnel error from server side error="Unauthorized: Tunnel not found" connIndex=0 event=0 ip=2606:4700:a0::8
2026-09-18T09:34:38Z INF Retrying connection in up to 1m4s connIndex=0 event=0 ip=2606:4700:a0::8
2026-09-18T09:34:39Z INF Tunnel connection curve preferences: [X25519MLKEM768 CurveID(65074) CurveP256] connIndex=0 event=0 ip=2606:4700:a0::8
2026-09-18T09:34:39Z ERR Register tunnel error from server side error="Unauthorized: Tunnel not found" connIndex=0 event=0 ip=2606:4700:a0::8
2026-09-18T09:34:39Z INF Retrying connection in up to 1m4s connIndex=0 event=0 ip=2606:4700:a0::8
2026-09-18T09:34:50Z INF Tunnel connection curve preferences: [X25519MLKEM768 CurveID(65074) CurveP256] connIndex=0 event=0 ip=2606:4700:a0::8
2026-09-18T09:34:50Z ERR Register tunnel error from server side error="Unauthorized: Tunnel not found" connIndex=0 event=0 ip=2606:4700:a0::8
2026-09-18T09:34:50Z INF Retrying connection in up to 1m4s connIndex=0 event=0 ip=2606:4700:a0::8
2026-09-18T09:35:08Z INF Tunnel connection curve preferences: [X25519MLKEM768 CurveID(65074) CurveP256] connIndex=0 event=0 ip=2606:4700:a0::8
2026-09-18T09:35:08Z ERR Register tunnel error from server side error="Unauthorized: Tunnel not found" connIndex=0 event=0 ip=2606:4700:a0::8
2026-09-18T09:35:08Z INF Retrying connection in up to 1m4s connIndex=0 event=0 ip=2606:4700:a0::8
2026-09-18T09:35:22Z INF Tunnel connection curve preferences: [X25519MLKEM768 CurveID(65074) CurveP256] connIndex=0 event=0 ip=2606:4700:a0::8
2026-09-18T09:35:22Z ERR Register tunnel error from server side error="Unauthorized: Tunnel not found" connIndex=0 event=0 ip=2606:4700:a0::8
2026-09-18T09:35:22Z INF Retrying connection in up to 1m4s connIndex=0 event=0 ip=2606:4700:a0::8
2026-09-18T09:35:40Z INF Tunnel connection curve preferences: [X25519MLKEM768 CurveID(65074) CurveP256] connIndex=0 event=0 ip=2606:4700:a0::8
2026-09-18T09:35:40Z ERR Register tunnel error from server side error="Unauthorized: Tunnel not found" connIndex=0 event=0 ip=2606:4700:a0::8
2026-09-18T09:35:40Z INF Retrying connection in up to 1m4s connIndex=0 event=0 ip=2606:4700:a0::8
2026-09-18T09:36:03Z INF Tunnel connection curve preferences: [X25519MLKEM768 CurveID(65074) CurveP256] connIndex=0 event=0 ip=2606:4700:a0::8
2026-09-18T09:36:03Z ERR Register tunnel error from server side error="Unauthorized: Tunnel not found" connIndex=0 event=0 ip=2606:4700:a0::8
2026-09-18T09:36:03Z INF Retrying connection in up to 1m4s connIndex=0 event=0 ip=2606:4700:a0::8
2026-09-18T09:36:09Z INF Tunnel connection curve preferences: [X25519MLKEM768 CurveID(65074) CurveP256] connIndex=0 event=0 ip=2606:4700:a0::8
2026-09-18T09:36:09Z ERR Register tunnel error from server side error="Unauthorized: Tunnel not found" connIndex=0 event=0 ip=2606:4700:a0::8
2026-09-18T09:36:09Z INF Retrying connection in up to 1m4s connIndex=0 event=0 ip=2606:4700:a0::8
2026-09-18T09:36:31Z INF Tunnel connection curve preferences: [X25519MLKEM768 CurveID(65074) CurveP256] connIndex=0 event=0 ip=2606:4700:a0::8
2026-09-18T09:36:31Z ERR Register tunnel error from server side error="Unauthorized: Tunnel not found" connIndex=0 event=0 ip=2606:4700:a0::8
2026-09-18T09:36:31Z INF Retrying connection in up to 1m4s connIndex=0 event=0 ip=2606:4700:a0::8
2026-09-18T09:36:34Z INF Tunnel connection curve preferences: [X25519MLKEM768 CurveID(65074) CurveP256] connIndex=0 event=0 ip=2606:4700:a0::8
2026-09-18T09:36:34Z ERR Register tunnel error from server side error="Unauthorized: Tunnel not found" connIndex=0 event=0 ip=2606:4700:a0::8
2026-09-18T09:36:34Z INF Retrying connection in up to 1m4s connIndex=0 event=0 ip=2606:4700:a0::8
2026-09-18T09:36:52Z INF Tunnel connection curve preferences: [X25519MLKEM768 CurveID(65074) CurveP256] connIndex=0 event=0 ip=2606:4700:a0::8
2026-09-18T09:36:52Z ERR Register tunnel error from server side error="Unauthorized: Tunnel not found" connIndex=0 event=0 ip=2606:4700:a0::8
2026-09-18T09:36:52Z INF Retrying connection in up to 1m4s connIndex=0 event=0 ip=2606:4700:a0::8
2026-09-18T09:36:58Z INF Tunnel connection curve preferences: [X25519MLKEM768 CurveID(65074) CurveP256] connIndex=0 event=0 ip=2606:4700:a0::8
2026-09-18T09:36:58Z ERR Register tunnel error from server side error="Unauthorized: Tunnel not found" connIndex=0 event=0 ip=2606:4700:a0::8
2026-09-18T09:36:58Z INF Retrying connection in up to 1m4s connIndex=0 event=0 ip=2606:4700:a0::8
2026-09-18T09:37:27Z INF Tunnel connection curve preferences: [X25519MLKEM768 CurveID(65074) CurveP256] connIndex=0 event=0 ip=2606:4700:a0::8
2026-09-18T09:37:27Z ERR Register tunnel error from server side error="Unauthorized: Tunnel not found" connIndex=0 event=0 ip=2606:4700:a0::8
2026-09-18T09:37:27Z INF Retrying connection in up to 1m4s connIndex=0 event=0 ip=2606:4700:a0::8
2026-09-18T09:37:42Z INF Tunnel connection curve preferences: [X25519MLKEM768 CurveID(65074) CurveP256] connIndex=0 event=0 ip=2606:4700:a0::8
2026-09-18T09:37:42Z ERR Register tunnel error from server side error="Unauthorized: Tunnel not found" connIndex=0 event=0 ip=2606:4700:a0::8
2026-09-18T09:37:42Z INF Retrying connection in up to 1m4s connIndex=0 event=0 ip=2606:4700:a0::8
2026-09-18T09:37:47Z INF Tunnel connection curve preferences: [X25519MLKEM768 CurveID(65074) CurveP256] connIndex=0 event=0 ip=2606:4700:a0::8
2026-09-18T09:37:47Z ERR Register tunnel error from server side error="Unauthorized: Tunnel not found" connIndex=0 event=0 ip=2606:4700:a0::8
2026-09-18T09:37:47Z INF Retrying connection in up to 1m4s connIndex=0 event=0 ip=2606:4700:a0::8
2026-09-18T09:38:01Z INF Tunnel connection curve preferences: [X25519MLKEM768 CurveID(65074) CurveP256] connIndex=0 event=0 ip=2606:4700:a0::8
2026-09-18T09:38:01Z ERR Register tunnel error from server side error="Unauthorized: Tunnel not found" connIndex=0 event=0 ip=2606:4700:a0::8
2026-09-18T09:38:01Z INF Retrying connection in up to 1m4s connIndex=0 event=0 ip=2606:4700:a0::8
2026-09-18T09:38:23Z INF Tunnel connection curve preferences: [X25519MLKEM768 CurveID(65074) CurveP256] connIndex=0 event=0 ip=2606:4700:a0::8
2026-09-18T09:38:23Z ERR Register tunnel error from server side error="Unauthorized: Tunnel not found" connIndex=0 event=0 ip=2606:4700:a0::8
2026-09-18T09:38:23Z INF Retrying connection in up to 1m4s connIndex=0 event=0 ip=2606:4700:a0::8
2026-09-18T09:38:45Z INF Tunnel connection curve preferences: [X25519MLKEM768 CurveID(65074) CurveP256] connIndex=0 event=0 ip=2606:4700:a0::8
2026-09-18T09:38:45Z ERR Register tunnel error from server side error="Unauthorized: Tunnel not found" connIndex=0 event=0 ip=2606:4700:a0::8
2026-09-18T09:38:45Z INF Retrying connection in up to 1m4s connIndex=0 event=0 ip=2606:4700:a0::8
2026-09-18T09:39:01Z INF Tunnel connection curve preferences: [X25519MLKEM768 CurveID(65074) CurveP256] connIndex=0 event=0 ip=2606:4700:a0::8
2026-09-18T09:39:01Z ERR Register tunnel error from server side error="Unauthorized: Tunnel not found" connIndex=0 event=0 ip=2606:4700:a0::8
2026-09-18T09:39:01Z INF Retrying connection in up to 1m4s connIndex=0 event=0 ip=2606:4700:a0::8
2026-09-18T09:39:12Z INF Tunnel connection curve preferences: [X25519MLKEM768 CurveID(65074) CurveP256] connIndex=0 event=0 ip=2606:4700:a0::8
2026-09-18T09:39:12Z ERR Register tunnel error from server side error="Unauthorized: Tunnel not found" connIndex=0 event=0 ip=2606:4700:a0::8
2026-09-18T09:39:12Z INF Retrying connection in up to 1m4s connIndex=0 event=0 ip=2606:4700:a0::8
2026-09-18T09:39:36Z INF Tunnel connection curve preferences: [X25519MLKEM768 CurveID(65074) CurveP256] connIndex=0 event=0 ip=2606:4700:a0::8
2026-09-18T09:39:36Z ERR Register tunnel error from server side error="Unauthorized: Tunnel not found" connIndex=0 event=0 ip=2606:4700:a0::8
2026-09-18T09:39:36Z INF Retrying connection in up to 1m4s connIndex=0 event=0 ip=2606:4700:a0::8
2026-09-18T09:39:40Z INF Tunnel connection curve preferences: [X25519MLKEM768 CurveID(65074) CurveP256] connIndex=0 event=0 ip=2606:4700:a0::8
2026-09-18T09:39:40Z ERR Register tunnel error from server side error="Unauthorized: Tunnel not found" connIndex=0 event=0 ip=2606:4700:a0::8
2026-09-18T09:39:40Z INF Retrying connection in up to 1m4s connIndex=0 event=0 ip=2606:4700:a0::8
2026-09-18T09:40:06Z INF Tunnel connection curve preferences: [X25519MLKEM768 CurveID(65074) CurveP256] connIndex=0 event=0 ip=2606:4700:a0::8
2026-09-18T09:40:07Z ERR Register tunnel error from server side error="Unauthorized: Tunnel not found" connIndex=0 event=0 ip=2606:4700:a0::8
2026-09-18T09:40:07Z INF Retrying connection in up to 1m4s connIndex=0 event=0 ip=2606:4700:a0::8
2026-09-18T09:40:35Z INF Tunnel connection curve preferences: [X25519MLKEM768 CurveID(65074) CurveP256] connIndex=0 event=0 ip=2606:4700:a0::8
2026-09-18T09:40:35Z ERR Register tunnel error from server side error="Unauthorized: Tunnel not found" connIndex=0 event=0 ip=2606:4700:a0::8
2026-09-18T09:40:35Z INF Retrying connection in up to 1m4s connIndex=0 event=0 ip=2606:4700:a0::8
2026-09-18T09:40:37Z INF Tunnel connection curve preferences: [X25519MLKEM768 CurveID(65074) CurveP256] connIndex=0 event=0 ip=2606:4700:a0::8
2026-09-18T09:40:37Z ERR Register tunnel error from server side error="Unauthorized: Tunnel not found" connIndex=0 event=0 ip=2606:4700:a0::8
2026-09-18T09:40:37Z INF Retrying connection in up to 1m4s connIndex=0 event=0 ip=2606:4700:a0::8
2026-09-18T09:40:50Z INF Tunnel connection curve preferences: [X25519MLKEM768 CurveID(65074) CurveP256] connIndex=0 event=0 ip=2606:4700:a0::8
2026-09-18T09:40:50Z ERR Register tunnel error from server side error="Unauthorized: Tunnel not found" connIndex=0 event=0 ip=2606:4700:a0::8
2026-09-18T09:40:50Z INF Retrying connection in up to 1m4s connIndex=0 event=0 ip=2606:4700:a0::8
2026-09-18T09:41:06Z INF Tunnel connection curve preferences: [X25519MLKEM768 CurveID(65074) CurveP256] connIndex=0 event=0 ip=2606:4700:a0::8
2026-09-18T09:41:06Z ERR Register tunnel error from server side error="Unauthorized: Tunnel not found" connIndex=0 event=0 ip=2606:4700:a0::8
2026-09-18T09:41:06Z INF Retrying connection in up to 1m4s connIndex=0 event=0 ip=2606:4700:a0::8
2026-09-18T09:41:12Z INF Tunnel connection curve preferences: [X25519MLKEM768 CurveID(65074) CurveP256] connIndex=0 event=0 ip=2606:4700:a0::8
2026-09-18T09:41:12Z ERR Register tunnel error from server side error="Unauthorized: Tunnel not found" connIndex=0 event=0 ip=2606:4700:a0::8
2026-09-18T09:41:12Z INF Retrying connection in up to 1m4s connIndex=0 event=0 ip=2606:4700:a0::8
2026-09-18T09:41:44Z INF Tunnel connection curve preferences: [X25519MLKEM768 CurveID(65074) CurveP256] connIndex=0 event=0 ip=2606:4700:a0::8
2026-09-18T09:41:44Z ERR Register tunnel error from server side error="Unauthorized: Tunnel not found" connIndex=0 event=0 ip=2606:4700:a0::8
2026-09-18T09:41:44Z INF Retrying connection in up to 1m4s connIndex=0 event=0 ip=2606:4700:a0::8
2026-09-18T09:42:00Z INF Tunnel connection curve preferences: [X25519MLKEM768 CurveID(65074) CurveP256] connIndex=0 event=0 ip=2606:4700:a0::8
2026-09-18T09:42:00Z ERR Register tunnel error from server side error="Unauthorized: Tunnel not found" connIndex=0 event=0 ip=2606:4700:a0::8
2026-09-18T09:42:00Z INF Retrying connection in up to 1m4s connIndex=0 event=0 ip=2606:4700:a0::8
2026-09-18T09:42:15Z INF Tunnel connection curve preferences: [X25519MLKEM768 CurveID(65074) CurveP256] connIndex=0 event=0 ip=2606:4700:a0::8
2026-09-18T09:42:15Z ERR Register tunnel error from server side error="Unauthorized: Tunnel not found" connIndex=0 event=0 ip=2606:4700:a0::8
2026-09-18T09:42:15Z INF Retrying connection in up to 1m4s connIndex=0 event=0 ip=2606:4700:a0::8
2026-09-18T09:42:41Z INF Tunnel connection curve preferences: [X25519MLKEM768 CurveID(65074) CurveP256] connIndex=0 event=0 ip=2606:4700:a0::8
2026-09-18T09:42:41Z ERR Register tunnel error from server side error="Unauthorized: Tunnel not found" connIndex=0 event=0 ip=2606:4700:a0::8
2026-09-18T09:42:41Z INF Retrying connection in up to 1m4s connIndex=0 event=0 ip=2606:4700:a0::8
2026-09-18T09:42:50Z INF Tunnel connection curve preferences: [X25519MLKEM768 CurveID(65074) CurveP256] connIndex=0 event=0 ip=2606:4700:a0::8
2026-09-18T09:42:50Z ERR Register tunnel error from server side error="Unauthorized: Tunnel not found" connIndex=0 event=0 ip=2606:4700:a0::8
2026-09-18T09:42:50Z INF Retrying connection in up to 1m4s connIndex=0 event=0 ip=2606:4700:a0::8
2026-09-18T09:42:50Z INF Tunnel connection curve preferences: [X25519MLKEM768 CurveID(65074) CurveP256] connIndex=0 event=0 ip=2606:4700:a0::8
2026-09-18T09:42:50Z ERR Register tunnel error from server side error="Unauthorized: Tunnel not found" connIndex=0 event=0 ip=2606:4700:a0::8
2026-09-18T09:42:50Z INF Retrying connection in up to 1m4s connIndex=0 event=0 ip=2606:4700:a0::8
2026-09-18T09:43:04Z INF Tunnel connection curve preferences: [X25519MLKEM768 CurveID(65074) CurveP256] connIndex=0 event=0 ip=2606:4700:a0::8
2026-09-18T09:43:04Z ERR Register tunnel error from server side error="Unauthorized: Tunnel not found" connIndex=0 event=0 ip=2606:4700:a0::8
2026-09-18T09:43:04Z INF Retrying connection in up to 1m4s connIndex=0 event=0 ip=2606:4700:a0::8
2026-09-18T09:43:22Z INF Tunnel connection curve preferences: [X25519MLKEM768 CurveID(65074) CurveP256] connIndex=0 event=0 ip=2606:4700:a0::8
2026-09-18T09:43:22Z ERR Register tunnel error from server side error="Unauthorized: Tunnel not found" connIndex=0 event=0 ip=2606:4700:a0::8
2026-09-18T09:43:22Z INF Retrying connection in up to 1m4s connIndex=0 event=0 ip=2606:4700:a0::8
2026-09-18T09:43:27Z INF Tunnel connection curve preferences: [X25519MLKEM768 CurveID(65074) CurveP256] connIndex=0 event=0 ip=2606:4700:a0::8
2026-09-18T09:43:27Z ERR Register tunnel error from server side error="Unauthorized: Tunnel not found" connIndex=0 event=0 ip=2606:4700:a0::8
2026-09-18T09:43:27Z INF Retrying connection in up to 1m4s connIndex=0 event=0 ip=2606:4700:a0::8
2026-09-18T09:43:45Z INF Tunnel connection curve preferences: [X25519MLKEM768 CurveID(65074) CurveP256] connIndex=0 event=0 ip=2606:4700:a0::8
2026-09-18T09:43:45Z ERR Register tunnel error from server side error="Unauthorized: Tunnel not found" connIndex=0 event=0 ip=2606:4700:a0::8
2026-09-18T09:43:45Z INF Retrying connection in up to 1m4s connIndex=0 event=0 ip=2606:4700:a0::8
2026-09-18T09:44:08Z INF Tunnel connection curve preferences: [X25519MLKEM768 CurveID(65074) CurveP256] connIndex=0 event=0 ip=2606:4700:a0::8
2026-09-18T09:44:08Z ERR Register tunnel error from server side error="Unauthorized: Tunnel not found" connIndex=0 event=0 ip=2606:4700:a0::8
2026-09-18T09:44:08Z INF Retrying connection in up to 1m4s connIndex=0 event=0 ip=2606:4700:a0::8
2026-09-18T09:44:28Z INF Tunnel connection curve preferences: [X25519MLKEM768 CurveID(65074) CurveP256] connIndex=0 event=0 ip=2606:4700:a0::8
2026-09-18T09:44:28Z ERR Register tunnel error from server side error="Unauthorized: Tunnel not found" connIndex=0 event=0 ip=2606:4700:a0::8
2026-09-18T09:44:28Z INF Retrying connection in up to 1m4s connIndex=0 event=0 ip=2606:4700:a0::8
2026-09-18T09:44:49Z INF Tunnel connection curve preferences: [X25519MLKEM768 CurveID(65074) CurveP256] connIndex=0 event=0 ip=2606:4700:a0::8
2026-09-18T09:44:49Z ERR Register tunnel error from server side error="Unauthorized: Tunnel not found" connIndex=0 event=0 ip=2606:4700:a0::8
2026-09-18T09:44:49Z INF Retrying connection in up to 1m4s connIndex=0 event=0 ip=2606:4700:a0::8
2026-09-18T09:45:12Z INF Tunnel connection curve preferences: [X25519MLKEM768 CurveID(65074) CurveP256] connIndex=0 event=0 ip=2606:4700:a0::8
2026-09-18T09:45:12Z ERR Register tunnel error from server side error="Unauthorized: Tunnel not found" connIndex=0 event=0 ip=2606:4700:a0::8
2026-09-18T09:45:12Z INF Retrying connection in up to 1m4s connIndex=0 event=0 ip=2606:4700:a0::8
2026-09-18T09:45:14Z INF Tunnel connection curve preferences: [X25519MLKEM768 CurveID(65074) CurveP256] connIndex=0 event=0 ip=2606:4700:a0::8
2026-09-18T09:45:14Z ERR Register tunnel error from server side error="Unauthorized: Tunnel not found" connIndex=0 event=0 ip=2606:4700:a0::8
2026-09-18T09:45:14Z INF Retrying connection in up to 1m4s connIndex=0 event=0 ip=2606:4700:a0::8
2026-09-18T09:45:36Z INF Tunnel connection curve preferences: [X25519MLKEM768 CurveID(65074) CurveP256] connIndex=0 event=0 ip=2606:4700:a0::8
2026-09-18T09:45:36Z ERR Register tunnel error from server side error="Unauthorized: Tunnel not found" connIndex=0 event=0 ip=2606:4700:a0::8
2026-09-18T09:45:36Z INF Retrying connection in up to 1m4s connIndex=0 event=0 ip=2606:4700:a0::8
2026-09-18T09:45:57Z INF Tunnel connection curve preferences: [X25519MLKEM768 CurveID(65074) CurveP256] connIndex=0 event=0 ip=2606:4700:a0::8
2026-09-18T09:45:57Z ERR Register tunnel error from server side error="Unauthorized: Tunnel not found" connIndex=0 event=0 ip=2606:4700:a0::8
2026-09-18T09:45:57Z INF Retrying connection in up to 1m4s connIndex=0 event=0 ip=2606:4700:a0::8
2026-09-18T09:46:12Z INF Tunnel connection curve preferences: [X25519MLKEM768 CurveID(65074) CurveP256] connIndex=0 event=0 ip=2606:4700:a0::8
2026-09-18T09:46:12Z ERR Register tunnel error from server side error="Unauthorized: Tunnel not found" connIndex=0 event=0 ip=2606:4700:a0::8
2026-09-18T09:46:12Z INF Retrying connection in up to 1m4s connIndex=0 event=0 ip=2606:4700:a0::8
2026-09-18T09:46:38Z INF Tunnel connection curve preferences: [X25519MLKEM768 CurveID(65074) CurveP256] connIndex=0 event=0 ip=2606:4700:a0::8
2026-09-18T09:46:38Z ERR Register tunnel error from server side error="Unauthorized: Tunnel not found" connIndex=0 event=0 ip=2606:4700:a0::8
2026-09-18T09:46:38Z INF Retrying connection in up to 1m4s connIndex=0 event=0 ip=2606:4700:a0::8
2026-09-18T09:47:07Z INF Tunnel connection curve preferences: [X25519MLKEM768 CurveID(65074) CurveP256] connIndex=0 event=0 ip=2606:4700:a0::8
2026-09-18T09:47:07Z ERR Register tunnel error from server side error="Unauthorized: Tunnel not found" connIndex=0 event=0 ip=2606:4700:a0::8
2026-09-18T09:47:07Z INF Retrying connection in up to 1m4s connIndex=0 event=0 ip=2606:4700:a0::8
2026-09-18T09:47:19Z INF Tunnel connection curve preferences: [X25519MLKEM768 CurveID(65074) CurveP256] connIndex=0 event=0 ip=2606:4700:a0::8
2026-09-18T09:47:19Z ERR Register tunnel error from server side error="Unauthorized: Tunnel not found" connIndex=0 event=0 ip=2606:4700:a0::8
2026-09-18T09:47:19Z INF Retrying connection in up to 1m4s connIndex=0 event=0 ip=2606:4700:a0::8
2026-09-18T09:47:45Z INF Tunnel connection curve preferences: [X25519MLKEM768 CurveID(65074) CurveP256] connIndex=0 event=0 ip=2606:4700:a0::8
2026-09-18T09:47:45Z ERR Register tunnel error from server side error="Unauthorized: Tunnel not found" connIndex=0 event=0 ip=2606:4700:a0::8
2026-09-18T09:47:45Z INF Retrying connection in up to 1m4s connIndex=0 event=0 ip=2606:4700:a0::8
2026-09-18T09:48:06Z INF Tunnel connection curve preferences: [X25519MLKEM768 CurveID(65074) CurveP256] connIndex=0 event=0 ip=2606:4700:a0::8
2026-09-18T09:48:06Z ERR Register tunnel error from server side error="Unauthorized: Tunnel not found" connIndex=0 event=0 ip=2606:4700:a0::8
2026-09-18T09:48:06Z INF Retrying connection in up to 1m4s connIndex=0 event=0 ip=2606:4700:a0::8
2026-09-18T09:48:21Z INF Tunnel connection curve preferences: [X25519MLKEM768 CurveID(65074) CurveP256] connIndex=0 event=0 ip=2606:4700:a0::8
2026-09-18T09:48:21Z ERR Register tunnel error from server side error="Unauthorized: Tunnel not found" connIndex=0 event=0 ip=2606:4700:a0::8
2026-09-18T09:48:21Z INF Retrying connection in up to 1m4s connIndex=0 event=0 ip=2606:4700:a0::8
2026-09-18T09:48:36Z INF Tunnel connection curve preferences: [X25519MLKEM768 CurveID(65074) CurveP256] connIndex=0 event=0 ip=2606:4700:a0::8
2026-09-18T09:48:36Z ERR Register tunnel error from server side error="Unauthorized: Tunnel not found" connIndex=0 event=0 ip=2606:4700:a0::8
2026-09-18T09:48:36Z INF Retrying connection in up to 1m4s connIndex=0 event=0 ip=2606:4700:a0::8
2026-09-18T09:48:55Z INF Tunnel connection curve preferences: [X25519MLKEM768 CurveID(65074) CurveP256] connIndex=0 event=0 ip=2606:4700:a0::8
2026-09-18T09:48:55Z ERR Register tunnel error from server side error="Unauthorized: Tunnel not found" connIndex=0 event=0 ip=2606:4700:a0::8
2026-09-18T09:48:55Z INF Retrying connection in up to 1m4s connIndex=0 event=0 ip=2606:4700:a0::8
2026-09-18T09:49:17Z INF Tunnel connection curve preferences: [X25519MLKEM768 CurveID(65074) CurveP256] connIndex=0 event=0 ip=2606:4700:a0::8
2026-09-18T09:49:17Z ERR Register tunnel error from server side error="Unauthorized: Tunnel not found" connIndex=0 event=0 ip=2606:4700:a0::8
2026-09-18T09:49:17Z INF Retrying connection in up to 1m4s connIndex=0 event=0 ip=2606:4700:a0::8
2026-09-18T09:49:41Z INF Tunnel connection curve preferences: [X25519MLKEM768 CurveID(65074) CurveP256] connIndex=0 event=0 ip=2606:4700:a0::8
2026-09-18T09:49:41Z ERR Register tunnel error from server side error="Unauthorized: Tunnel not found" connIndex=0 event=0 ip=2606:4700:a0::8
2026-09-18T09:49:41Z INF Retrying connection in up to 1m4s connIndex=0 event=0 ip=2606:4700:a0::8
2026-09-18T09:49:59Z INF Tunnel connection curve preferences: [X25519MLKEM768 CurveID(65074) CurveP256] connIndex=0 event=0 ip=2606:4700:a0::8
2026-09-18T09:49:59Z ERR Register tunnel error from server side error="Unauthorized: Tunnel not found" connIndex=0 event=0 ip=2606:4700:a0::8
2026-09-18T09:49:59Z INF Retrying connection in up to 1m4s connIndex=0 event=0 ip=2606:4700:a0::8
2026-09-18T09:50:05Z INF Tunnel connection curve preferences: [X25519MLKEM768 CurveID(65074) CurveP256] connIndex=0 event=0 ip=2606:4700:a0::8
2026-09-18T09:50:05Z ERR Register tunnel error from server side error="Unauthorized: Tunnel not found" connIndex=0 event=0 ip=2606:4700:a0::8
2026-09-18T09:50:05Z INF Retrying connection in up to 1m4s connIndex=0 event=0 ip=2606:4700:a0::8
2026-09-18T09:50:09Z INF Tunnel connection curve preferences: [X25519MLKEM768 CurveID(65074) CurveP256] connIndex=0 event=0 ip=2606:4700:a0::8
2026-09-18T09:50:09Z ERR Register tunnel error from server side error="Unauthorized: Tunnel not found" connIndex=0 event=0 ip=2606:4700:a0::8
2026-09-18T09:50:09Z INF Retrying connection in up to 1m4s connIndex=0 event=0 ip=2606:4700:a0::8
2026-09-18T09:50:38Z INF Tunnel connection curve preferences: [X25519MLKEM768 CurveID(65074) CurveP256] connIndex=0 event=0 ip=2606:4700:a0::8
2026-09-18T09:50:38Z ERR Register tunnel error from server side error="Unauthorized: Tunnel not found" connIndex=0 event=0 ip=2606:4700:a0::8
2026-09-18T09:50:38Z INF Retrying connection in up to 1m4s connIndex=0 event=0 ip=2606:4700:a0::8
2026-09-18T09:51:07Z INF Tunnel connection curve preferences: [X25519MLKEM768 CurveID(65074) CurveP256] connIndex=0 event=0 ip=2606:4700:a0::8
2026-09-18T09:51:07Z ERR Register tunnel error from server side error="Unauthorized: Tunnel not found" connIndex=0 event=0 ip=2606:4700:a0::8
2026-09-18T09:51:07Z INF Retrying connection in up to 1m4s connIndex=0 event=0 ip=2606:4700:a0::8
2026-09-18T09:51:29Z INF Tunnel connection curve preferences: [X25519MLKEM768 CurveID(65074) CurveP256] connIndex=0 event=0 ip=2606:4700:a0::8
2026-09-18T09:51:29Z ERR Register tunnel error from server side error="Unauthorized: Tunnel not found" connIndex=0 event=0 ip=2606:4700:a0::8
2026-09-18T09:51:29Z INF Retrying connection in up to 1m4s connIndex=0 event=0 ip=2606:4700:a0::8
2026-09-18T09:51:44Z INF Tunnel connection curve preferences: [X25519MLKEM768 CurveID(65074) CurveP256] connIndex=0 event=0 ip=2606:4700:a0::8
2026-09-18T09:51:44Z ERR Register tunnel error from server side error="Unauthorized: Tunnel not found" connIndex=0 event=0 ip=2606:4700:a0::8
2026-09-18T09:51:44Z INF Retrying connection in up to 1m4s connIndex=0 event=0 ip=2606:4700:a0::8
2026-09-18T09:51:59Z INF Tunnel connection curve preferences: [X25519MLKEM768 CurveID(65074) CurveP256] connIndex=0 event=0 ip=2606:4700:a0::8
2026-09-18T09:51:59Z ERR Register tunnel error from server side error="Unauthorized: Tunnel not found" connIndex=0 event=0 ip=2606:4700:a0::8
2026-09-18T09:51:59Z INF Retrying connection in up to 1m4s connIndex=0 event=0 ip=2606:4700:a0::8
2026-09-18T09:52:26Z INF Tunnel connection curve preferences: [X25519MLKEM768 CurveID(65074) CurveP256] connIndex=0 event=0 ip=2606:4700:a0::8
2026-09-18T09:52:26Z ERR Register tunnel error from server side error="Unauthorized: Tunnel not found" connIndex=0 event=0 ip=2606:4700:a0::8
2026-09-18T09:52:26Z INF Retrying connection in up to 1m4s connIndex=0 event=0 ip=2606:4700:a0::8
2026-09-18T09:52:37Z INF Tunnel connection curve preferences: [X25519MLKEM768 CurveID(65074) CurveP256] connIndex=0 event=0 ip=2606:4700:a0::8
2026-09-18T09:52:37Z ERR Register tunnel error from server side error="Unauthorized: Tunnel not found" connIndex=0 event=0 ip=2606:4700:a0::8
2026-09-18T09:52:37Z INF Retrying connection in up to 1m4s connIndex=0 event=0 ip=2606:4700:a0::8
2026-09-18T09:52:38Z INF Tunnel connection curve preferences: [X25519MLKEM768 CurveID(65074) CurveP256] connIndex=0 event=0 ip=2606:4700:a0::8
2026-09-18T09:52:38Z ERR Register tunnel error from server side error="Unauthorized: Tunnel not found" connIndex=0 event=0 ip=2606:4700:a0::8
2026-09-18T09:52:38Z INF Retrying connection in up to 1m4s connIndex=0 event=0 ip=2606:4700:a0::8
2026-09-18T09:53:07Z INF Tunnel connection curve preferences: [X25519MLKEM768 CurveID(65074) CurveP256] connIndex=0 event=0 ip=2606:4700:a0::8
2026-09-18T09:53:07Z ERR Register tunnel error from server side error="Unauthorized: Tunnel not found" connIndex=0 event=0 ip=2606:4700:a0::8
2026-09-18T09:53:07Z INF Retrying connection in up to 1m4s connIndex=0 event=0 ip=2606:4700:a0::8
2026-09-18T09:53:35Z INF Tunnel connection curve preferences: [X25519MLKEM768 CurveID(65074) CurveP256] connIndex=0 event=0 ip=2606:4700:a0::8
2026-09-18T09:53:35Z ERR Register tunnel error from server side error="Unauthorized: Tunnel not found" connIndex=0 event=0 ip=2606:4700:a0::8
2026-09-18T09:53:35Z INF Retrying connection in up to 1m4s connIndex=0 event=0 ip=2606:4700:a0::8
2026-09-18T09:53:49Z INF Tunnel connection curve preferences: [X25519MLKEM768 CurveID(65074) CurveP256] connIndex=0 event=0 ip=2606:4700:a0::8
2026-09-18T09:53:49Z ERR Register tunnel error from server side error="Unauthorized: Tunnel not found" connIndex=0 event=0 ip=2606:4700:a0::8
2026-09-18T09:53:49Z INF Retrying connection in up to 1m4s connIndex=0 event=0 ip=2606:4700:a0::8
2026-09-18T09:53:52Z INF Tunnel connection curve preferences: [X25519MLKEM768 CurveID(65074) CurveP256] connIndex=0 event=0 ip=2606:4700:a0::8
2026-09-18T09:53:52Z ERR Register tunnel error from server side error="Unauthorized: Tunnel not found" connIndex=0 event=0 ip=2606:4700:a0::8
2026-09-18T09:53:52Z INF Retrying connection in up to 1m4s connIndex=0 event=0 ip=2606:4700:a0::8
2026-09-18T09:54:02Z INF Tunnel connection curve preferences: [X25519MLKEM768 CurveID(65074) CurveP256] connIndex=0 event=0 ip=2606:4700:a0::8
2026-09-18T09:54:02Z ERR Register tunnel error from server side error="Unauthorized: Tunnel not found" connIndex=0 event=0 ip=2606:4700:a0::8
2026-09-18T09:54:02Z INF Retrying connection in up to 1m4s connIndex=0 event=0 ip=2606:4700:a0::8
2026-09-18T09:54:31Z INF Tunnel connection curve preferences: [X25519MLKEM768 CurveID(65074) CurveP256] connIndex=0 event=0 ip=2606:4700:a0::8
2026-09-18T09:54:31Z ERR Register tunnel error from server side error="Unauthorized: Tunnel not found" connIndex=0 event=0 ip=2606:4700:a0::8
2026-09-18T09:54:31Z INF Retrying connection in up to 1m4s connIndex=0 event=0 ip=2606:4700:a0::8
2026-09-18T09:55:00Z INF Tunnel connection curve preferences: [X25519MLKEM768 CurveID(65074) CurveP256] connIndex=0 event=0 ip=2606:4700:a0::8
2026-09-18T09:55:00Z ERR Register tunnel error from server side error="Unauthorized: Tunnel not found" connIndex=0 event=0 ip=2606:4700:a0::8
2026-09-18T09:55:00Z INF Retrying connection in up to 1m4s connIndex=0 event=0 ip=2606:4700:a0::8
2026-09-18T09:55:00Z INF Tunnel connection curve preferences: [X25519MLKEM768 CurveID(65074) CurveP256] connIndex=0 event=0 ip=2606:4700:a0::8
2026-09-18T09:55:01Z ERR Register tunnel error from server side error="Unauthorized: Tunnel not found" connIndex=0 event=0 ip=2606:4700:a0::8
2026-09-18T09:55:01Z INF Retrying connection in up to 1m4s connIndex=0 event=0 ip=2606:4700:a0::8
2026-09-18T09:55:27Z INF Tunnel connection curve preferences: [X25519MLKEM768 CurveID(65074) CurveP256] connIndex=0 event=0 ip=2606:4700:a0::8
2026-09-18T09:55:27Z ERR Register tunnel error from server side error="Unauthorized: Tunnel not found" connIndex=0 event=0 ip=2606:4700:a0::8
2026-09-18T09:55:27Z INF Retrying connection in up to 1m4s connIndex=0 event=0 ip=2606:4700:a0::8
2026-09-18T09:55:33Z INF Tunnel connection curve preferences: [X25519MLKEM768 CurveID(65074) CurveP256] connIndex=0 event=0 ip=2606:4700:a0::8
2026-09-18T09:55:33Z ERR Register tunnel error from server side error="Unauthorized: Tunnel not found" connIndex=0 event=0 ip=2606:4700:a0::8
2026-09-18T09:55:33Z INF Retrying connection in up to 1m4s connIndex=0 event=0 ip=2606:4700:a0::8
2026-09-18T09:55:34Z INF Tunnel connection curve preferences: [X25519MLKEM768 CurveID(65074) CurveP256] connIndex=0 event=0 ip=2606:4700:a0::8
2026-09-18T09:55:34Z ERR Register tunnel error from server side error="Unauthorized: Tunnel not found" connIndex=0 event=0 ip=2606:4700:a0::8
2026-09-18T09:55:34Z INF Retrying connection in up to 1m4s connIndex=0 event=0 ip=2606:4700:a0::8
2026-09-18T09:55:49Z INF Tunnel connection curve preferences: [X25519MLKEM768 CurveID(65074) CurveP256] connIndex=0 event=0 ip=2606:4700:a0::8
2026-09-18T09:55:49Z ERR Register tunnel error from server side error="Unauthorized: Tunnel not found" connIndex=0 event=0 ip=2606:4700:a0::8
2026-09-18T09:55:49Z INF Retrying connection in up to 1m4s connIndex=0 event=0 ip=2606:4700:a0::8
2026-09-18T09:56:09Z INF Tunnel connection curve preferences: [X25519MLKEM768 CurveID(65074) CurveP256] connIndex=0 event=0 ip=2606:4700:a0::8
2026-09-18T09:56:09Z ERR Register tunnel error from server side error="Unauthorized: Tunnel not found" connIndex=0 event=0 ip=2606:4700:a0::8
2026-09-18T09:56:09Z INF Retrying connection in up to 1m4s connIndex=0 event=0 ip=2606:4700:a0::8
2026-09-18T09:56:22Z INF Tunnel connection curve preferences: [X25519MLKEM768 CurveID(65074) CurveP256] connIndex=0 event=0 ip=2606:4700:a0::8
2026-09-18T09:56:22Z ERR Register tunnel error from server side error="Unauthorized: Tunnel not found" connIndex=0 event=0 ip=2606:4700:a0::8
2026-09-18T09:56:22Z INF Retrying connection in up to 1m4s connIndex=0 event=0 ip=2606:4700:a0::8
2026-09-18T09:56:32Z INF Tunnel connection curve preferences: [X25519MLKEM768 CurveID(65074) CurveP256] connIndex=0 event=0 ip=2606:4700:a0::8
2026-09-18T09:56:32Z ERR Register tunnel error from server side error="Unauthorized: Tunnel not found" connIndex=0 event=0 ip=2606:4700:a0::8
2026-09-18T09:56:32Z INF Retrying connection in up to 1m4s connIndex=0 event=0 ip=2606:4700:a0::8
2026-09-18T09:57:02Z INF Tunnel connection curve preferences: [X25519MLKEM768 CurveID(65074) CurveP256] connIndex=0 event=0 ip=2606:4700:a0::8
2026-09-18T09:57:03Z ERR Register tunnel error from server side error="Unauthorized: Tunnel not found" connIndex=0 event=0 ip=2606:4700:a0::8
2026-09-18T09:57:03Z INF Retrying connection in up to 1m4s connIndex=0 event=0 ip=2606:4700:a0::8
2026-09-18T09:57:03Z INF Tunnel connection curve preferences: [X25519MLKEM768 CurveID(65074) CurveP256] connIndex=0 event=0 ip=2606:4700:a0::8
2026-09-18T09:57:03Z ERR Register tunnel error from server side error="Unauthorized: Tunnel not found" connIndex=0 event=0 ip=2606:4700:a0::8
2026-09-18T09:57:03Z INF Retrying connection in up to 1m4s connIndex=0 event=0 ip=2606:4700:a0::8
2026-09-18T09:57:28Z INF Tunnel connection curve preferences: [X25519MLKEM768 CurveID(65074) CurveP256] connIndex=0 event=0 ip=2606:4700:a0::8
2026-09-18T09:57:28Z ERR Register tunnel error from server side error="Unauthorized: Tunnel not found" connIndex=0 event=0 ip=2606:4700:a0::8
2026-09-18T09:57:28Z INF Retrying connection in up to 1m4s connIndex=0 event=0 ip=2606:4700:a0::8
2026-09-18T09:57:50Z INF Tunnel connection curve preferences: [X25519MLKEM768 CurveID(65074) CurveP256] connIndex=0 event=0 ip=2606:4700:a0::8
2026-09-18T09:57:50Z ERR Register tunnel error from server side error="Unauthorized: Tunnel not found" connIndex=0 event=0 ip=2606:4700:a0::8
2026-09-18T09:57:50Z INF Retrying connection in up to 1m4s connIndex=0 event=0 ip=2606:4700:a0::8
2026-09-18T09:58:08Z INF Tunnel connection curve preferences: [X25519MLKEM768 CurveID(65074) CurveP256] connIndex=0 event=0 ip=2606:4700:a0::8
2026-09-18T09:58:08Z ERR Register tunnel error from server side error="Unauthorized: Tunnel not found" connIndex=0 event=0 ip=2606:4700:a0::8
2026-09-18T09:58:08Z INF Retrying connection in up to 1m4s connIndex=0 event=0 ip=2606:4700:a0::8
2026-09-18T09:58:26Z INF Tunnel connection curve preferences: [X25519MLKEM768 CurveID(65074) CurveP256] connIndex=0 event=0 ip=2606:4700:a0::8
2026-09-18T09:58:26Z ERR Register tunnel error from server side error="Unauthorized: Tunnel not found" connIndex=0 event=0 ip=2606:4700:a0::8
2026-09-18T09:58:26Z INF Retrying connection in up to 1m4s connIndex=0 event=0 ip=2606:4700:a0::8
2026-09-18T09:58:52Z INF Tunnel connection curve preferences: [X25519MLKEM768 CurveID(65074) CurveP256] connIndex=0 event=0 ip=2606:4700:a0::8
2026-09-18T09:58:52Z ERR Register tunnel error from server side error="Unauthorized: Tunnel not found" connIndex=0 event=0 ip=2606:4700:a0::8
2026-09-18T09:58:52Z INF Retrying connection in up to 1m4s connIndex=0 event=0 ip=2606:4700:a0::8
2026-09-18T09:59:14Z INF Tunnel connection curve preferences: [X25519MLKEM768 CurveID(65074) CurveP256] connIndex=0 event=0 ip=2606:4700:a0::8
2026-09-18T09:59:14Z ERR Register tunnel error from server side error="Unauthorized: Tunnel not found" connIndex=0 event=0 ip=2606:4700:a0::8
2026-09-18T09:59:14Z INF Retrying connection in up to 1m4s connIndex=0 event=0 ip=2606:4700:a0::8
2026-09-18T09:59:23Z INF Tunnel connection curve preferences: [X25519MLKEM768 CurveID(65074) CurveP256] connIndex=0 event=0 ip=2606:4700:a0::8
2026-09-18T09:59:23Z ERR Register tunnel error from server side error="Unauthorized: Tunnel not found" connIndex=0 event=0 ip=2606:4700:a0::8
2026-09-18T09:59:23Z INF Retrying connection in up to 1m4s connIndex=0 event=0 ip=2606:4700:a0::8
2026-09-18T09:59:24Z INF Tunnel connection curve preferences: [X25519MLKEM768 CurveID(65074) CurveP256] connIndex=0 event=0 ip=2606:4700:a0::8
2026-09-18T09:59:24Z ERR Register tunnel error from server side error="Unauthorized: Tunnel not found" connIndex=0 event=0 ip=2606:4700:a0::8
2026-09-18T09:59:24Z INF Retrying connection in up to 1m4s connIndex=0 event=0 ip=2606:4700:a0::8
2026-09-18T09:59:52Z INF Tunnel connection curve preferences: [X25519MLKEM768 CurveID(65074) CurveP256] connIndex=0 event=0 ip=2606:4700:a0::8
2026-09-18T09:59:52Z ERR Register tunnel error from server side error="Unauthorized: Tunnel not found" connIndex=0 event=0 ip=2606:4700:a0::8
2026-09-18T09:59:52Z INF Retrying connection in up to 1m4s connIndex=0 event=0 ip=2606:4700:a0::8
2026-09-18T10:00:03Z INF Tunnel connection curve preferences: [X25519MLKEM768 CurveID(65074) CurveP256] connIndex=0 event=0 ip=2606:4700:a0::8
2026-09-18T10:00:03Z ERR Register tunnel error from server side error="Unauthorized: Tunnel not found" connIndex=0 event=0 ip=2606:4700:a0::8
2026-09-18T10:00:03Z INF Retrying connection in up to 1m4s connIndex=0 event=0 ip=2606:4700:a0::8
2026-09-18T10:00:09Z INF Tunnel connection curve preferences: [X25519MLKEM768 CurveID(65074) CurveP256] connIndex=0 event=0 ip=2606:4700:a0::8
2026-09-18T10:00:09Z ERR Register tunnel error from server side error="Unauthorized: Tunnel not found" connIndex=0 event=0 ip=2606:4700:a0::8
2026-09-18T10:00:09Z INF Retrying connection in up to 1m4s connIndex=0 event=0 ip=2606:4700:a0::8
2026-09-18T10:00:15Z INF Tunnel connection curve preferences: [X25519MLKEM768 CurveID(65074) CurveP256] connIndex=0 event=0 ip=2606:4700:a0::8
2026-09-18T10:00:15Z ERR Register tunnel error from server side error="Unauthorized: Tunnel not found" connIndex=0 event=0 ip=2606:4700:a0::8
2026-09-18T10:00:15Z INF Retrying connection in up to 1m4s connIndex=0 event=0 ip=2606:4700:a0::8
2026-09-18T10:00:33Z INF Tunnel connection curve preferences: [X25519MLKEM768 CurveID(65074) CurveP256] connIndex=0 event=0 ip=2606:4700:a0::8
2026-09-18T10:00:33Z ERR Register tunnel error from server side error="Unauthorized: Tunnel not found" connIndex=0 event=0 ip=2606:4700:a0::8
2026-09-18T10:00:33Z INF Retrying connection in up to 1m4s connIndex=0 event=0 ip=2606:4700:a0::8
2026-09-18T10:00:52Z INF Tunnel connection curve preferences: [X25519MLKEM768 CurveID(65074) CurveP256] connIndex=0 event=0 ip=2606:4700:a0::8
2026-09-18T10:00:52Z ERR Register tunnel error from server side error="Unauthorized: Tunnel not found" connIndex=0 event=0 ip=2606:4700:a0::8
2026-09-18T10:00:52Z INF Retrying connection in up to 1m4s connIndex=0 event=0 ip=2606:4700:a0::8
2026-09-18T10:01:22Z INF Tunnel connection curve preferences: [X25519MLKEM768 CurveID(65074) CurveP256] connIndex=0 event=0 ip=2606:4700:a0::8
2026-09-18T10:01:22Z ERR Register tunnel error from server side error="Unauthorized: Tunnel not found" connIndex=0 event=0 ip=2606:4700:a0::8
2026-09-18T10:01:22Z INF Retrying connection in up to 1m4s connIndex=0 event=0 ip=2606:4700:a0::8
2026-09-18T10:01:24Z INF Tunnel connection curve preferences: [X25519MLKEM768 CurveID(65074) CurveP256] connIndex=0 event=0 ip=2606:4700:a0::8
2026-09-18T10:01:24Z ERR Register tunnel error from server side error="Unauthorized: Tunnel not found" connIndex=0 event=0 ip=2606:4700:a0::8
2026-09-18T10:01:24Z INF Retrying connection in up to 1m4s connIndex=0 event=0 ip=2606:4700:a0::8
2026-09-18T10:01:53Z INF Tunnel connection curve preferences: [X25519MLKEM768 CurveID(65074) CurveP256] connIndex=0 event=0 ip=2606:4700:a0::8
2026-09-18T10:01:53Z ERR Register tunnel error from server side error="Unauthorized: Tunnel not found" connIndex=0 event=0 ip=2606:4700:a0::8
2026-09-18T10:01:53Z INF Retrying connection in up to 1m4s connIndex=0 event=0 ip=2606:4700:a0::8
2026-09-18T10:01:58Z INF Tunnel connection curve preferences: [X25519MLKEM768 CurveID(65074) CurveP256] connIndex=0 event=0 ip=2606:4700:a0::8
2026-09-18T10:01:58Z ERR Register tunnel error from server side error="Unauthorized: Tunnel not found" connIndex=0 event=0 ip=2606:4700:a0::8
2026-09-18T10:01:58Z INF Retrying connection in up to 1m4s connIndex=0 event=0 ip=2606:4700:a0::8
2026-09-18T10:02:17Z INF Tunnel connection curve preferences: [X25519MLKEM768 CurveID(65074) CurveP256] connIndex=0 event=0 ip=2606:4700:a0::8
2026-09-18T10:02:17Z ERR Register tunnel error from server side error="Unauthorized: Tunnel not found" connIndex=0 event=0 ip=2606:4700:a0::8
2026-09-18T10:02:17Z INF Retrying connection in up to 1m4s connIndex=0 event=0 ip=2606:4700:a0::8
2026-09-18T10:02:23Z INF Tunnel connection curve preferences: [X25519MLKEM768 CurveID(65074) CurveP256] connIndex=0 event=0 ip=2606:4700:a0::8
2026-09-18T10:02:23Z ERR Register tunnel error from server side error="Unauthorized: Tunnel not found" connIndex=0 event=0 ip=2606:4700:a0::8
2026-09-18T10:02:23Z INF Retrying connection in up to 1m4s connIndex=0 event=0 ip=2606:4700:a0::8
2026-09-18T10:02:28Z INF Tunnel connection curve preferences: [X25519MLKEM768 CurveID(65074) CurveP256] connIndex=0 event=0 ip=2606:4700:a0::8
2026-09-18T10:02:28Z ERR Register tunnel error from server side error="Unauthorized: Tunnel not found" connIndex=0 event=0 ip=2606:4700:a0::8
2026-09-18T10:02:28Z INF Retrying connection in up to 1m4s connIndex=0 event=0 ip=2606:4700:a0::8
2026-09-18T10:02:55Z INF Tunnel connection curve preferences: [X25519MLKEM768 CurveID(65074) CurveP256] connIndex=0 event=0 ip=2606:4700:a0::8
2026-09-18T10:02:55Z ERR Register tunnel error from server side error="Unauthorized: Tunnel not found" connIndex=0 event=0 ip=2606:4700:a0::8
2026-09-18T10:02:55Z INF Retrying connection in up to 1m4s connIndex=0 event=0 ip=2606:4700:a0::8
2026-09-18T10:02:58Z INF Tunnel connection curve preferences: [X25519MLKEM768 CurveID(65074) CurveP256] connIndex=0 event=0 ip=2606:4700:a0::8
2026-09-18T10:02:58Z ERR Register tunnel error from server side error="Unauthorized: Tunnel not found" connIndex=0 event=0 ip=2606:4700:a0::8
2026-09-18T10:02:58Z INF Retrying connection in up to 1m4s connIndex=0 event=0 ip=2606:4700:a0::8
2026-09-18T10:03:25Z INF Tunnel connection curve preferences: [X25519MLKEM768 CurveID(65074) CurveP256] connIndex=0 event=0 ip=2606:4700:a0::8
2026-09-18T10:03:26Z ERR Register tunnel error from server side error="Unauthorized: Tunnel not found" connIndex=0 event=0 ip=2606:4700:a0::8
2026-09-18T10:03:26Z INF Retrying connection in up to 1m4s connIndex=0 event=0 ip=2606:4700:a0::8
2026-09-18T10:03:41Z INF Tunnel connection curve preferences: [X25519MLKEM768 CurveID(65074) CurveP256] connIndex=0 event=0 ip=2606:4700:a0::8
2026-09-18T10:03:42Z ERR Register tunnel error from server side error="Unauthorized: Tunnel not found" connIndex=0 event=0 ip=2606:4700:a0::8
2026-09-18T10:03:42Z INF Retrying connection in up to 1m4s connIndex=0 event=0 ip=2606:4700:a0::8
2026-09-18T10:03:53Z INF Tunnel connection curve preferences: [X25519MLKEM768 CurveID(65074) CurveP256] connIndex=0 event=0 ip=2606:4700:a0::8
2026-09-18T10:03:53Z ERR Register tunnel error from server side error="Unauthorized: Tunnel not found" connIndex=0 event=0 ip=2606:4700:a0::8
2026-09-18T10:03:53Z INF Retrying connection in up to 1m4s connIndex=0 event=0 ip=2606:4700:a0::8
2026-09-18T10:04:13Z INF Tunnel connection curve preferences: [X25519MLKEM768 CurveID(65074) CurveP256] connIndex=0 event=0 ip=2606:4700:a0::8
2026-09-18T10:04:13Z ERR Register tunnel error from server side error="Unauthorized: Tunnel not found" connIndex=0 event=0 ip=2606:4700:a0::8
2026-09-18T10:04:13Z INF Retrying connection in up to 1m4s connIndex=0 event=0 ip=2606:4700:a0::8
2026-09-18T10:04:34Z INF Tunnel connection curve preferences: [X25519MLKEM768 CurveID(65074) CurveP256] connIndex=0 event=0 ip=2606:4700:a0::8
2026-09-18T10:04:34Z ERR Register tunnel error from server side error="Unauthorized: Tunnel not found" connIndex=0 event=0 ip=2606:4700:a0::8
2026-09-18T10:04:34Z INF Retrying connection in up to 1m4s connIndex=0 event=0 ip=2606:4700:a0::8
2026-09-18T10:04:50Z INF Tunnel connection curve preferences: [X25519MLKEM768 CurveID(65074) CurveP256] connIndex=0 event=0 ip=2606:4700:a0::8
2026-09-18T10:04:50Z ERR Register tunnel error from server side error="Unauthorized: Tunnel not found" connIndex=0 event=0 ip=2606:4700:a0::8
2026-09-18T10:04:50Z INF Retrying connection in up to 1m4s connIndex=0 event=0 ip=2606:4700:a0::8
2026-09-18T10:04:53Z INF Tunnel connection curve preferences: [X25519MLKEM768 CurveID(65074) CurveP256] connIndex=0 event=0 ip=2606:4700:a0::8
2026-09-18T10:04:53Z ERR Register tunnel error from server side error="Unauthorized: Tunnel not found" connIndex=0 event=0 ip=2606:4700:a0::8
2026-09-18T10:04:53Z INF Retrying connection in up to 1m4s connIndex=0 event=0 ip=2606:4700:a0::8
2026-09-18T10:05:06Z INF Tunnel connection curve preferences: [X25519MLKEM768 CurveID(65074) CurveP256] connIndex=0 event=0 ip=2606:4700:a0::8
2026-09-18T10:05:06Z ERR Register tunnel error from server side error="Unauthorized: Tunnel not found" connIndex=0 event=0 ip=2606:4700:a0::8
2026-09-18T10:05:06Z INF Retrying connection in up to 1m4s connIndex=0 event=0 ip=2606:4700:a0::8
2026-09-18T10:05:35Z INF Tunnel connection curve preferences: [X25519MLKEM768 CurveID(65074) CurveP256] connIndex=0 event=0 ip=2606:4700:a0::8
2026-09-18T10:05:35Z ERR Register tunnel error from server side error="Unauthorized: Tunnel not found" connIndex=0 event=0 ip=2606:4700:a0::8
2026-09-18T10:05:35Z INF Retrying connection in up to 1m4s connIndex=0 event=0 ip=2606:4700:a0::8
2026-09-18T10:05:44Z INF Tunnel connection curve preferences: [X25519MLKEM768 CurveID(65074) CurveP256] connIndex=0 event=0 ip=2606:4700:a0::8
2026-09-18T10:05:44Z ERR Register tunnel error from server side error="Unauthorized: Tunnel not found" connIndex=0 event=0 ip=2606:4700:a0::8
2026-09-18T10:05:44Z INF Retrying connection in up to 1m4s connIndex=0 event=0 ip=2606:4700:a0::8
2026-09-18T10:05:45Z INF Tunnel connection curve preferences: [X25519MLKEM768 CurveID(65074) CurveP256] connIndex=0 event=0 ip=2606:4700:a0::8
2026-09-18T10:05:45Z ERR Register tunnel error from server side error="Unauthorized: Tunnel not found" connIndex=0 event=0 ip=2606:4700:a0::8
2026-09-18T10:05:45Z INF Retrying connection in up to 1m4s connIndex=0 event=0 ip=2606:4700:a0::8
2026-09-18T10:05:49Z INF Tunnel connection curve preferences: [X25519MLKEM768 CurveID(65074) CurveP256] connIndex=0 event=0 ip=2606:4700:a0::8
2026-09-18T10:05:49Z ERR Register tunnel error from server side error="Unauthorized: Tunnel not found" connIndex=0 event=0 ip=2606:4700:a0::8
2026-09-18T10:05:49Z INF Retrying connection in up to 1m4s connIndex=0 event=0 ip=2606:4700:a0::8
2026-09-18T10:06:08Z INF Tunnel connection curve preferences: [X25519MLKEM768 CurveID(65074) CurveP256] connIndex=0 event=0 ip=2606:4700:a0::8
2026-09-18T10:06:08Z ERR Register tunnel error from server side error="Unauthorized: Tunnel not found" connIndex=0 event=0 ip=2606:4700:a0::8
2026-09-18T10:06:08Z INF Retrying connection in up to 1m4s connIndex=0 event=0 ip=2606:4700:a0::8
2026-09-18T10:06:31Z INF Tunnel connection curve preferences: [X25519MLKEM768 CurveID(65074) CurveP256] connIndex=0 event=0 ip=2606:4700:a0::8
2026-09-18T10:06:31Z ERR Register tunnel error from server side error="Unauthorized: Tunnel not found" connIndex=0 event=0 ip=2606:4700:a0::8
2026-09-18T10:06:31Z INF Retrying connection in up to 1m4s connIndex=0 event=0 ip=2606:4700:a0::8
2026-09-18T10:06:37Z INF Tunnel connection curve preferences: [X25519MLKEM768 CurveID(65074) CurveP256] connIndex=0 event=0 ip=2606:4700:a0::8
2026-09-18T10:06:37Z ERR Register tunnel error from server side error="Unauthorized: Tunnel not found" connIndex=0 event=0 ip=2606:4700:a0::8
2026-09-18T10:06:37Z INF Retrying connection in up to 1m4s connIndex=0 event=0 ip=2606:4700:a0::8
2026-09-18T10:07:03Z INF Tunnel connection curve preferences: [X25519MLKEM768 CurveID(65074) CurveP256] connIndex=0 event=0 ip=2606:4700:a0::8
2026-09-18T10:07:03Z ERR Register tunnel error from server side error="Unauthorized: Tunnel not found" connIndex=0 event=0 ip=2606:4700:a0::8
2026-09-18T10:07:03Z INF Retrying connection in up to 1m4s connIndex=0 event=0 ip=2606:4700:a0::8
2026-09-18T10:07:32Z INF Tunnel connection curve preferences: [X25519MLKEM768 CurveID(65074) CurveP256] connIndex=0 event=0 ip=2606:4700:a0::8
2026-09-18T10:07:32Z ERR Register tunnel error from server side error="Unauthorized: Tunnel not found" connIndex=0 event=0 ip=2606:4700:a0::8
2026-09-18T10:07:32Z INF Retrying connection in up to 1m4s connIndex=0 event=0 ip=2606:4700:a0::8
2026-09-18T10:07:42Z INF Tunnel connection curve preferences: [X25519MLKEM768 CurveID(65074) CurveP256] connIndex=0 event=0 ip=2606:4700:a0::8
2026-09-18T10:07:42Z ERR Register tunnel error from server side error="Unauthorized: Tunnel not found" connIndex=0 event=0 ip=2606:4700:a0::8
2026-09-18T10:07:42Z INF Retrying connection in up to 1m4s connIndex=0 event=0 ip=2606:4700:a0::8
2026-09-18T10:07:57Z INF Tunnel connection curve preferences: [X25519MLKEM768 CurveID(65074) CurveP256] connIndex=0 event=0 ip=2606:4700:a0::8
2026-09-18T10:07:57Z ERR Register tunnel error from server side error="Unauthorized: Tunnel not found" connIndex=0 event=0 ip=2606:4700:a0::8
2026-09-18T10:07:57Z INF Retrying connection in up to 1m4s connIndex=0 event=0 ip=2606:4700:a0::8
2026-09-18T10:08:18Z INF Tunnel connection curve preferences: [X25519MLKEM768 CurveID(65074) CurveP256] connIndex=0 event=0 ip=2606:4700:a0::8
2026-09-18T10:08:18Z ERR Register tunnel error from server side error="Unauthorized: Tunnel not found" connIndex=0 event=0 ip=2606:4700:a0::8
2026-09-18T10:08:18Z INF Retrying connection in up to 1m4s connIndex=0 event=0 ip=2606:4700:a0::8
2026-09-18T10:08:40Z INF Tunnel connection curve preferences: [X25519MLKEM768 CurveID(65074) CurveP256] connIndex=0 event=0 ip=2606:4700:a0::8
2026-09-18T10:08:40Z ERR Register tunnel error from server side error="Unauthorized: Tunnel not found" connIndex=0 event=0 ip=2606:4700:a0::8
2026-09-18T10:08:40Z INF Retrying connection in up to 1m4s connIndex=0 event=0 ip=2606:4700:a0::8
2026-09-18T10:08:42Z INF Tunnel connection curve preferences: [X25519MLKEM768 CurveID(65074) CurveP256] connIndex=0 event=0 ip=2606:4700:a0::8
2026-09-18T10:08:42Z ERR Register tunnel error from server side error="Unauthorized: Tunnel not found" connIndex=0 event=0 ip=2606:4700:a0::8
2026-09-18T10:08:42Z INF Retrying connection in up to 1m4s connIndex=0 event=0 ip=2606:4700:a0::8
2026-09-18T10:09:08Z INF Tunnel connection curve preferences: [X25519MLKEM768 CurveID(65074) CurveP256] connIndex=0 event=0 ip=2606:4700:a0::8
2026-09-18T10:09:08Z ERR Register tunnel error from server side error="Unauthorized: Tunnel not found" connIndex=0 event=0 ip=2606:4700:a0::8
2026-09-18T10:09:08Z INF Retrying connection in up to 1m4s connIndex=0 event=0 ip=2606:4700:a0::8
2026-09-18T10:09:16Z INF Tunnel connection curve preferences: [X25519MLKEM768 CurveID(65074) CurveP256] connIndex=0 event=0 ip=2606:4700:a0::8
2026-09-18T10:09:16Z ERR Register tunnel error from server side error="Unauthorized: Tunnel not found" connIndex=0 event=0 ip=2606:4700:a0::8
2026-09-18T10:09:16Z INF Retrying connection in up to 1m4s connIndex=0 event=0 ip=2606:4700:a0::8
2026-09-18T10:09:43Z INF Tunnel connection curve preferences: [X25519MLKEM768 CurveID(65074) CurveP256] connIndex=0 event=0 ip=2606:4700:a0::8
2026-09-18T10:09:43Z ERR Register tunnel error from server side error="Unauthorized: Tunnel not found" connIndex=0 event=0 ip=2606:4700:a0::8
2026-09-18T10:09:43Z INF Retrying connection in up to 1m4s connIndex=0 event=0 ip=2606:4700:a0::8
2026-09-18T10:09:57Z INF Tunnel connection curve preferences: [X25519MLKEM768 CurveID(65074) CurveP256] connIndex=0 event=0 ip=2606:4700:a0::8
2026-09-18T10:09:57Z ERR Register tunnel error from server side error="Unauthorized: Tunnel not found" connIndex=0 event=0 ip=2606:4700:a0::8
2026-09-18T10:09:57Z INF Retrying connection in up to 1m4s connIndex=0 event=0 ip=2606:4700:a0::8
2026-09-18T10:10:06Z INF Tunnel connection curve preferences: [X25519MLKEM768 CurveID(65074) CurveP256] connIndex=0 event=0 ip=2606:4700:a0::8
2026-09-18T10:10:06Z ERR Register tunnel error from server side error="Unauthorized: Tunnel not found" connIndex=0 event=0 ip=2606:4700:a0::8
2026-09-18T10:10:06Z INF Retrying connection in up to 1m4s connIndex=0 event=0 ip=2606:4700:a0::8
2026-09-18T10:10:11Z INF Tunnel connection curve preferences: [X25519MLKEM768 CurveID(65074) CurveP256] connIndex=0 event=0 ip=2606:4700:a0::8
2026-09-18T10:10:11Z ERR Register tunnel error from server side error="Unauthorized: Tunnel not found" connIndex=0 event=0 ip=2606:4700:a0::8
2026-09-18T10:10:11Z INF Retrying connection in up to 1m4s connIndex=0 event=0 ip=2606:4700:a0::8
2026-09-18T10:10:19Z INF Tunnel connection curve preferences: [X25519MLKEM768 CurveID(65074) CurveP256] connIndex=0 event=0 ip=2606:4700:a0::8
2026-09-18T10:10:19Z ERR Register tunnel error from server side error="Unauthorized: Tunnel not found" connIndex=0 event=0 ip=2606:4700:a0::8
2026-09-18T10:10:19Z INF Retrying connection in up to 1m4s connIndex=0 event=0 ip=2606:4700:a0::8
2026-09-18T10:10:36Z INF Tunnel connection curve preferences: [X25519MLKEM768 CurveID(65074) CurveP256] connIndex=0 event=0 ip=2606:4700:a0::8
2026-09-18T10:10:36Z ERR Register tunnel error from server side error="Unauthorized: Tunnel not found" connIndex=0 event=0 ip=2606:4700:a0::8
2026-09-18T10:10:36Z INF Retrying connection in up to 1m4s connIndex=0 event=0 ip=2606:4700:a0::8
2026-09-18T10:11:06Z INF Tunnel connection curve preferences: [X25519MLKEM768 CurveID(65074) CurveP256] connIndex=0 event=0 ip=2606:4700:a0::8
2026-09-18T10:11:06Z ERR Register tunnel error from server side error="Unauthorized: Tunnel not found" connIndex=0 event=0 ip=2606:4700:a0::8
2026-09-18T10:11:06Z INF Retrying connection in up to 1m4s connIndex=0 event=0 ip=2606:4700:a0::8
2026-09-18T10:11:20Z INF Tunnel connection curve preferences: [X25519MLKEM768 CurveID(65074) CurveP256] connIndex=0 event=0 ip=2606:4700:a0::8
2026-09-18T10:11:20Z ERR Register tunnel error from server side error="Unauthorized: Tunnel not found" connIndex=0 event=0 ip=2606:4700:a0::8
2026-09-18T10:11:20Z INF Retrying connection in up to 1m4s connIndex=0 event=0 ip=2606:4700:a0::8
2026-09-18T10:11:25Z INF Tunnel connection curve preferences: [X25519MLKEM768 CurveID(65074) CurveP256] connIndex=0 event=0 ip=2606:4700:a0::8
2026-09-18T10:11:25Z ERR Register tunnel error from server side error="Unauthorized: Tunnel not found" connIndex=0 event=0 ip=2606:4700:a0::8
2026-09-18T10:11:25Z INF Retrying connection in up to 1m4s connIndex=0 event=0 ip=2606:4700:a0::8
2026-09-18T10:11:39Z INF Tunnel connection curve preferences: [X25519MLKEM768 CurveID(65074) CurveP256] connIndex=0 event=0 ip=2606:4700:a0::8
2026-09-18T10:11:39Z ERR Register tunnel error from server side error="Unauthorized: Tunnel not found" connIndex=0 event=0 ip=2606:4700:a0::8
2026-09-18T10:11:39Z INF Retrying connection in up to 1m4s connIndex=0 event=0 ip=2606:4700:a0::8
2026-09-18T10:12:07Z INF Tunnel connection curve preferences: [X25519MLKEM768 CurveID(65074) CurveP256] connIndex=0 event=0 ip=2606:4700:a0::8
2026-09-18T10:12:07Z ERR Register tunnel error from server side error="Unauthorized: Tunnel not found" connIndex=0 event=0 ip=2606:4700:a0::8
2026-09-18T10:12:07Z INF Retrying connection in up to 1m4s connIndex=0 event=0 ip=2606:4700:a0::8
2026-09-18T10:12:30Z INF Tunnel connection curve preferences: [X25519MLKEM768 CurveID(65074) CurveP256] connIndex=0 event=0 ip=2606:4700:a0::8
2026-09-18T10:12:30Z ERR Register tunnel error from server side error="Unauthorized: Tunnel not found" connIndex=0 event=0 ip=2606:4700:a0::8
2026-09-18T10:12:30Z INF Retrying connection in up to 1m4s connIndex=0 event=0 ip=2606:4700:a0::8
2026-09-18T10:12:50Z INF Tunnel connection curve preferences: [X25519MLKEM768 CurveID(65074) CurveP256] connIndex=0 event=0 ip=2606:4700:a0::8
2026-09-18T10:12:50Z ERR Register tunnel error from server side error="Unauthorized: Tunnel not found" connIndex=0 event=0 ip=2606:4700:a0::8
2026-09-18T10:12:50Z INF Retrying connection in up to 1m4s connIndex=0 event=0 ip=2606:4700:a0::8
2026-09-18T10:13:01Z INF Tunnel connection curve preferences: [X25519MLKEM768 CurveID(65074) CurveP256] connIndex=0 event=0 ip=2606:4700:a0::8
2026-09-18T10:13:01Z ERR Register tunnel error from server side error="Unauthorized: Tunnel not found" connIndex=0 event=0 ip=2606:4700:a0::8
2026-09-18T10:13:01Z INF Retrying connection in up to 1m4s connIndex=0 event=0 ip=2606:4700:a0::8
2026-09-18T10:13:07Z INF Tunnel connection curve preferences: [X25519MLKEM768 CurveID(65074) CurveP256] connIndex=0 event=0 ip=2606:4700:a0::8
2026-09-18T10:13:07Z ERR Register tunnel error from server side error="Unauthorized: Tunnel not found" connIndex=0 event=0 ip=2606:4700:a0::8
2026-09-18T10:13:07Z INF Retrying connection in up to 1m4s connIndex=0 event=0 ip=2606:4700:a0::8
2026-09-18T10:13:09Z INF Tunnel connection curve preferences: [X25519MLKEM768 CurveID(65074) CurveP256] connIndex=0 event=0 ip=2606:4700:a0::8
2026-09-18T10:13:09Z ERR Register tunnel error from server side error="Unauthorized: Tunnel not found" connIndex=0 event=0 ip=2606:4700:a0::8
2026-09-18T10:13:09Z INF Retrying connection in up to 1m4s connIndex=0 event=0 ip=2606:4700:a0::8
2026-09-18T10:13:13Z INF Tunnel connection curve preferences: [X25519MLKEM768 CurveID(65074) CurveP256] connIndex=0 event=0 ip=2606:4700:a0::8
2026-09-18T10:13:13Z ERR Register tunnel error from server side error="Unauthorized: Tunnel not found" connIndex=0 event=0 ip=2606:4700:a0::8
2026-09-18T10:13:13Z INF Retrying connection in up to 1m4s connIndex=0 event=0 ip=2606:4700:a0::8
2026-09-18T10:13:18Z INF Tunnel connection curve preferences: [X25519MLKEM768 CurveID(65074) CurveP256] connIndex=0 event=0 ip=2606:4700:a0::8
2026-09-18T10:13:18Z ERR Register tunnel error from server side error="Unauthorized: Tunnel not found" connIndex=0 event=0 ip=2606:4700:a0::8
2026-09-18T10:13:18Z INF Retrying connection in up to 1m4s connIndex=0 event=0 ip=2606:4700:a0::8
2026-09-18T10:13:20Z INF Tunnel connection curve preferences: [X25519MLKEM768 CurveID(65074) CurveP256] connIndex=0 event=0 ip=2606:4700:a0::8
2026-09-18T10:13:20Z ERR Register tunnel error from server side error="Unauthorized: Tunnel not found" connIndex=0 event=0 ip=2606:4700:a0::8
2026-09-18T10:13:20Z INF Retrying connection in up to 1m4s connIndex=0 event=0 ip=2606:4700:a0::8
2026-09-18T10:13:28Z INF Tunnel connection curve preferences: [X25519MLKEM768 CurveID(65074) CurveP256] connIndex=0 event=0 ip=2606:4700:a0::8
2026-09-18T10:13:28Z ERR Register tunnel error from server side error="Unauthorized: Tunnel not found" connIndex=0 event=0 ip=2606:4700:a0::8
2026-09-18T10:13:28Z INF Retrying connection in up to 1m4s connIndex=0 event=0 ip=2606:4700:a0::8
2026-09-18T10:13:48Z INF Tunnel connection curve preferences: [X25519MLKEM768 CurveID(65074) CurveP256] connIndex=0 event=0 ip=2606:4700:a0::8
2026-09-18T10:13:48Z ERR Register tunnel error from server side error="Unauthorized: Tunnel not found" connIndex=0 event=0 ip=2606:4700:a0::8
2026-09-18T10:13:48Z INF Retrying connection in up to 1m4s connIndex=0 event=0 ip=2606:4700:a0::8
2026-09-18T10:13:54Z INF Tunnel connection curve preferences: [X25519MLKEM768 CurveID(65074) CurveP256] connIndex=0 event=0 ip=2606:4700:a0::8
2026-09-18T10:13:54Z ERR Register tunnel error from server side error="Unauthorized: Tunnel not found" connIndex=0 event=0 ip=2606:4700:a0::8
2026-09-18T10:13:54Z INF Retrying connection in up to 1m4s connIndex=0 event=0 ip=2606:4700:a0::8
2026-09-18T10:13:59Z INF Tunnel connection curve preferences: [X25519MLKEM768 CurveID(65074) CurveP256] connIndex=0 event=0 ip=2606:4700:a0::8
2026-09-18T10:13:59Z ERR Register tunnel error from server side error="Unauthorized: Tunnel not found" connIndex=0 event=0 ip=2606:4700:a0::8
2026-09-18T10:13:59Z INF Retrying connection in up to 1m4s connIndex=0 event=0 ip=2606:4700:a0::8
2026-09-18T10:14:29Z INF Tunnel connection curve preferences: [X25519MLKEM768 CurveID(65074) CurveP256] connIndex=0 event=0 ip=2606:4700:a0::8
2026-09-18T10:14:29Z ERR Register tunnel error from server side error="Unauthorized: Tunnel not found" connIndex=0 event=0 ip=2606:4700:a0::8
2026-09-18T10:14:29Z INF Retrying connection in up to 1m4s connIndex=0 event=0 ip=2606:4700:a0::8
2026-09-18T10:14:57Z INF Tunnel connection curve preferences: [X25519MLKEM768 CurveID(65074) CurveP256] connIndex=0 event=0 ip=2606:4700:a0::8
2026-09-18T10:14:57Z ERR Register tunnel error from server side error="Unauthorized: Tunnel not found" connIndex=0 event=0 ip=2606:4700:a0::8
2026-09-18T10:14:57Z INF Retrying connection in up to 1m4s connIndex=0 event=0 ip=2606:4700:a0::8
2026-09-18T10:15:00Z INF Tunnel connection curve preferences: [X25519MLKEM768 CurveID(65074) CurveP256] connIndex=0 event=0 ip=2606:4700:a0::8
2026-09-18T10:15:00Z ERR Register tunnel error from server side error="Unauthorized: Tunnel not found" connIndex=0 event=0 ip=2606:4700:a0::8
2026-09-18T10:15:00Z INF Retrying connection in up to 1m4s connIndex=0 event=0 ip=2606:4700:a0::8
2026-09-18T10:15:07Z INF Tunnel connection curve preferences: [X25519MLKEM768 CurveID(65074) CurveP256] connIndex=0 event=0 ip=2606:4700:a0::8
2026-09-18T10:15:07Z ERR Register tunnel error from server side error="Unauthorized: Tunnel not found" connIndex=0 event=0 ip=2606:4700:a0::8
2026-09-18T10:15:07Z INF Retrying connection in up to 1m4s connIndex=0 event=0 ip=2606:4700:a0::8
2026-09-18T10:15:07Z INF Tunnel connection curve preferences: [X25519MLKEM768 CurveID(65074) CurveP256] connIndex=0 event=0 ip=2606:4700:a0::8
2026-09-18T10:15:07Z ERR Register tunnel error from server side error="Unauthorized: Tunnel not found" connIndex=0 event=0 ip=2606:4700:a0::8
2026-09-18T10:15:07Z INF Retrying connection in up to 1m4s connIndex=0 event=0 ip=2606:4700:a0::8
2026-09-18T10:15:09Z INF Tunnel connection curve preferences: [X25519MLKEM768 CurveID(65074) CurveP256] connIndex=0 event=0 ip=2606:4700:a0::8
2026-09-18T10:15:09Z ERR Register tunnel error from server side error="Unauthorized: Tunnel not found" connIndex=0 event=0 ip=2606:4700:a0::8
2026-09-18T10:15:09Z INF Retrying connection in up to 1m4s connIndex=0 event=0 ip=2606:4700:a0::8
2026-09-18T10:15:34Z INF Tunnel connection curve preferences: [X25519MLKEM768 CurveID(65074) CurveP256] connIndex=0 event=0 ip=2606:4700:a0::8
2026-09-18T10:15:34Z ERR Register tunnel error from server side error="Unauthorized: Tunnel not found" connIndex=0 event=0 ip=2606:4700:a0::8
2026-09-18T10:15:34Z INF Retrying connection in up to 1m4s connIndex=0 event=0 ip=2606:4700:a0::8
2026-09-18T10:15:39Z INF Tunnel connection curve preferences: [X25519MLKEM768 CurveID(65074) CurveP256] connIndex=0 event=0 ip=2606:4700:a0::8
2026-09-18T10:15:39Z ERR Register tunnel error from server side error="Unauthorized: Tunnel not found" connIndex=0 event=0 ip=2606:4700:a0::8
2026-09-18T10:15:39Z INF Retrying connection in up to 1m4s connIndex=0 event=0 ip=2606:4700:a0::8
2026-09-18T10:15:43Z INF Tunnel connection curve preferences: [X25519MLKEM768 CurveID(65074) CurveP256] connIndex=0 event=0 ip=2606:4700:a0::8
2026-09-18T10:15:43Z ERR Register tunnel error from server side error="Unauthorized: Tunnel not found" connIndex=0 event=0 ip=2606:4700:a0::8
2026-09-18T10:15:43Z INF Retrying connection in up to 1m4s connIndex=0 event=0 ip=2606:4700:a0::8
2026-09-18T10:16:02Z INF Tunnel connection curve preferences: [X25519MLKEM768 CurveID(65074) CurveP256] connIndex=0 event=0 ip=2606:4700:a0::8
2026-09-18T10:16:02Z ERR Register tunnel error from server side error="Unauthorized: Tunnel not found" connIndex=0 event=0 ip=2606:4700:a0::8
2026-09-18T10:16:02Z INF Retrying connection in up to 1m4s connIndex=0 event=0 ip=2606:4700:a0::8
2026-09-18T10:16:06Z INF Tunnel connection curve preferences: [X25519MLKEM768 CurveID(65074) CurveP256] connIndex=0 event=0 ip=2606:4700:a0::8
2026-09-18T10:16:06Z ERR Register tunnel error from server side error="Unauthorized: Tunnel not found" connIndex=0 event=0 ip=2606:4700:a0::8
2026-09-18T10:16:06Z INF Retrying connection in up to 1m4s connIndex=0 event=0 ip=2606:4700:a0::8
2026-09-18T10:16:08Z INF Tunnel connection curve preferences: [X25519MLKEM768 CurveID(65074) CurveP256] connIndex=0 event=0 ip=2606:4700:a0::8
2026-09-18T10:16:08Z ERR Register tunnel error from server side error="Unauthorized: Tunnel not found" connIndex=0 event=0 ip=2606:4700:a0::8
2026-09-18T10:16:08Z INF Retrying connection in up to 1m4s connIndex=0 event=0 ip=2606:4700:a0::8
2026-09-18T10:16:11Z INF Tunnel connection curve preferences: [X25519MLKEM768 CurveID(65074) CurveP256] connIndex=0 event=0 ip=2606:4700:a0::8
2026-09-18T10:16:11Z ERR Register tunnel error from server side error="Unauthorized: Tunnel not found" connIndex=0 event=0 ip=2606:4700:a0::8
2026-09-18T10:16:11Z INF Retrying connection in up to 1m4s connIndex=0 event=0 ip=2606:4700:a0::8
2026-09-18T10:16:31Z INF Tunnel connection curve preferences: [X25519MLKEM768 CurveID(65074) CurveP256] connIndex=0 event=0 ip=2606:4700:a0::8
2026-09-18T10:16:31Z ERR Register tunnel error from server side error="Unauthorized: Tunnel not found" connIndex=0 event=0 ip=2606:4700:a0::8
2026-09-18T10:16:31Z INF Retrying connection in up to 1m4s connIndex=0 event=0 ip=2606:4700:a0::8
2026-09-18T10:16:39Z INF Tunnel connection curve preferences: [X25519MLKEM768 CurveID(65074) CurveP256] connIndex=0 event=0 ip=2606:4700:a0::8
2026-09-18T10:16:39Z ERR Register tunnel error from server side error="Unauthorized: Tunnel not found" connIndex=0 event=0 ip=2606:4700:a0::8
2026-09-18T10:16:39Z INF Retrying connection in up to 1m4s connIndex=0 event=0 ip=2606:4700:a0::8
2026-09-18T10:16:41Z INF Tunnel connection curve preferences: [X25519MLKEM768 CurveID(65074) CurveP256] connIndex=0 event=0 ip=2606:4700:a0::8
2026-09-18T10:16:41Z ERR Register tunnel error from server side error="Unauthorized: Tunnel not found" connIndex=0 event=0 ip=2606:4700:a0::8
2026-09-18T10:16:41Z INF Retrying connection in up to 1m4s connIndex=0 event=0 ip=2606:4700:a0::8
2026-09-18T10:17:05Z INF Tunnel connection curve preferences: [X25519MLKEM768 CurveID(65074) CurveP256] connIndex=0 event=0 ip=2606:4700:a0::8
2026-09-18T10:17:05Z ERR Register tunnel error from server side error="Unauthorized: Tunnel not found" connIndex=0 event=0 ip=2606:4700:a0::8
2026-09-18T10:17:05Z INF Retrying connection in up to 1m4s connIndex=0 event=0 ip=2606:4700:a0::8
2026-09-18T10:17:14Z INF Tunnel connection curve preferences: [X25519MLKEM768 CurveID(65074) CurveP256] connIndex=0 event=0 ip=2606:4700:a0::8
2026-09-18T10:17:14Z ERR Register tunnel error from server side error="Unauthorized: Tunnel not found" connIndex=0 event=0 ip=2606:4700:a0::8
2026-09-18T10:17:14Z INF Retrying connection in up to 1m4s connIndex=0 event=0 ip=2606:4700:a0::8
2026-09-18T10:17:15Z INF Tunnel connection curve preferences: [X25519MLKEM768 CurveID(65074) CurveP256] connIndex=0 event=0 ip=2606:4700:a0::8
2026-09-18T10:17:15Z ERR Register tunnel error from server side error="Unauthorized: Tunnel not found" connIndex=0 event=0 ip=2606:4700:a0::8
2026-09-18T10:17:15Z INF Retrying connection in up to 1m4s connIndex=0 event=0 ip=2606:4700:a0::8
2026-09-18T10:17:32Z INF Tunnel connection curve preferences: [X25519MLKEM768 CurveID(65074) CurveP256] connIndex=0 event=0 ip=2606:4700:a0::8
2026-09-18T10:17:32Z ERR Register tunnel error from server side error="Unauthorized: Tunnel not found" connIndex=0 event=0 ip=2606:4700:a0::8
2026-09-18T10:17:32Z INF Retrying connection in up to 1m4s connIndex=0 event=0 ip=2606:4700:a0::8
2026-09-18T10:17:56Z INF Tunnel connection curve preferences: [X25519MLKEM768 CurveID(65074) CurveP256] connIndex=0 event=0 ip=2606:4700:a0::8
2026-09-18T10:17:56Z ERR Register tunnel error from server side error="Unauthorized: Tunnel not found" connIndex=0 event=0 ip=2606:4700:a0::8
2026-09-18T10:17:56Z INF Retrying connection in up to 1m4s connIndex=0 event=0 ip=2606:4700:a0::8
2026-09-18T10:17:58Z INF Tunnel connection curve preferences: [X25519MLKEM768 CurveID(65074) CurveP256] connIndex=0 event=0 ip=2606:4700:a0::8
2026-09-18T10:17:58Z ERR Register tunnel error from server side error="Unauthorized: Tunnel not found" connIndex=0 event=0 ip=2606:4700:a0::8
2026-09-18T10:17:58Z INF Retrying connection in up to 1m4s connIndex=0 event=0 ip=2606:4700:a0::8
2026-09-18T10:18:28Z INF Tunnel connection curve preferences: [X25519MLKEM768 CurveID(65074) CurveP256] connIndex=0 event=0 ip=2606:4700:a0::8
2026-09-18T10:18:28Z ERR Register tunnel error from server side error="Unauthorized: Tunnel not found" connIndex=0 event=0 ip=2606:4700:a0::8
2026-09-18T10:18:28Z INF Retrying connection in up to 1m4s connIndex=0 event=0 ip=2606:4700:a0::8
2026-09-18T10:18:43Z INF Tunnel connection curve preferences: [X25519MLKEM768 CurveID(65074) CurveP256] connIndex=0 event=0 ip=2606:4700:a0::8
2026-09-18T10:18:43Z ERR Register tunnel error from server side error="Unauthorized: Tunnel not found" connIndex=0 event=0 ip=2606:4700:a0::8
2026-09-18T10:18:43Z INF Retrying connection in up to 1m4s connIndex=0 event=0 ip=2606:4700:a0::8
2026-09-18T10:19:01Z INF Tunnel connection curve preferences: [X25519MLKEM768 CurveID(65074) CurveP256] connIndex=0 event=0 ip=2606:4700:a0::8
2026-09-18T10:19:01Z ERR Register tunnel error from server side error="Unauthorized: Tunnel not found" connIndex=0 event=0 ip=2606:4700:a0::8
2026-09-18T10:19:01Z INF Retrying connection in up to 1m4s connIndex=0 event=0 ip=2606:4700:a0::8
2026-09-18T10:19:20Z INF Tunnel connection curve preferences: [X25519MLKEM768 CurveID(65074) CurveP256] connIndex=0 event=0 ip=2606:4700:a0::8
2026-09-18T10:19:20Z ERR Register tunnel error from server side error="Unauthorized: Tunnel not found" connIndex=0 event=0 ip=2606:4700:a0::8
2026-09-18T10:19:20Z INF Retrying connection in up to 1m4s connIndex=0 event=0 ip=2606:4700:a0::8
2026-09-18T10:19:29Z INF Tunnel connection curve preferences: [X25519MLKEM768 CurveID(65074) CurveP256] connIndex=0 event=0 ip=2606:4700:a0::8
2026-09-18T10:19:29Z ERR Register tunnel error from server side error="Unauthorized: Tunnel not found" connIndex=0 event=0 ip=2606:4700:a0::8
2026-09-18T10:19:29Z INF Retrying connection in up to 1m4s connIndex=0 event=0 ip=2606:4700:a0::8
2026-09-18T10:19:57Z INF Tunnel connection curve preferences: [X25519MLKEM768 CurveID(65074) CurveP256] connIndex=0 event=0 ip=2606:4700:a0::8
2026-09-18T10:19:57Z ERR Register tunnel error from server side error="Unauthorized: Tunnel not found" connIndex=0 event=0 ip=2606:4700:a0::8
2026-09-18T10:19:57Z INF Retrying connection in up to 1m4s connIndex=0 event=0 ip=2606:4700:a0::8
2026-09-18T10:20:16Z INF Tunnel connection curve preferences: [X25519MLKEM768 CurveID(65074) CurveP256] connIndex=0 event=0 ip=2606:4700:a0::8
2026-09-18T10:20:16Z ERR Register tunnel error from server side error="Unauthorized: Tunnel not found" connIndex=0 event=0 ip=2606:4700:a0::8
2026-09-18T10:20:16Z INF Retrying connection in up to 1m4s connIndex=0 event=0 ip=2606:4700:a0::8
2026-09-18T10:20:45Z INF Tunnel connection curve preferences: [X25519MLKEM768 CurveID(65074) CurveP256] connIndex=0 event=0 ip=2606:4700:a0::8
2026-09-18T10:20:45Z ERR Register tunnel error from server side error="Unauthorized: Tunnel not found" connIndex=0 event=0 ip=2606:4700:a0::8
2026-09-18T10:20:45Z INF Retrying connection in up to 1m4s connIndex=0 event=0 ip=2606:4700:a0::8
2026-09-18T10:20:49Z INF Tunnel connection curve preferences: [X25519MLKEM768 CurveID(65074) CurveP256] connIndex=0 event=0 ip=2606:4700:a0::8
2026-09-18T10:20:50Z ERR Register tunnel error from server side error="Unauthorized: Tunnel not found" connIndex=0 event=0 ip=2606:4700:a0::8
2026-09-18T10:20:50Z INF Retrying connection in up to 1m4s connIndex=0 event=0 ip=2606:4700:a0::8
2026-09-18T10:20:52Z INF Tunnel connection curve preferences: [X25519MLKEM768 CurveID(65074) CurveP256] connIndex=0 event=0 ip=2606:4700:a0::8
2026-09-18T10:20:53Z ERR Register tunnel error from server side error="Unauthorized: Tunnel not found" connIndex=0 event=0 ip=2606:4700:a0::8
2026-09-18T10:20:53Z INF Retrying connection in up to 1m4s connIndex=0 event=0 ip=2606:4700:a0::8
2026-09-18T10:21:11Z INF Tunnel connection curve preferences: [X25519MLKEM768 CurveID(65074) CurveP256] connIndex=0 event=0 ip=2606:4700:a0::8
2026-09-18T10:21:11Z ERR Register tunnel error from server side error="Unauthorized: Tunnel not found" connIndex=0 event=0 ip=2606:4700:a0::8
2026-09-18T10:21:11Z INF Retrying connection in up to 1m4s connIndex=0 event=0 ip=2606:4700:a0::8
2026-09-18T10:21:16Z INF Tunnel connection curve preferences: [X25519MLKEM768 CurveID(65074) CurveP256] connIndex=0 event=0 ip=2606:4700:a0::8
2026-09-18T10:21:16Z ERR Register tunnel error from server side error="Unauthorized: Tunnel not found" connIndex=0 event=0 ip=2606:4700:a0::8
2026-09-18T10:21:16Z INF Retrying connection in up to 1m4s connIndex=0 event=0 ip=2606:4700:a0::8
2026-09-18T10:21:19Z INF Tunnel connection curve preferences: [X25519MLKEM768 CurveID(65074) CurveP256] connIndex=0 event=0 ip=2606:4700:a0::8
2026-09-18T10:21:19Z ERR Register tunnel error from server side error="Unauthorized: Tunnel not found" connIndex=0 event=0 ip=2606:4700:a0::8
2026-09-18T10:21:19Z INF Retrying connection in up to 1m4s connIndex=0 event=0 ip=2606:4700:a0::8
2026-09-18T10:21:48Z INF Tunnel connection curve preferences: [X25519MLKEM768 CurveID(65074) CurveP256] connIndex=0 event=0 ip=2606:4700:a0::8
2026-09-18T10:21:48Z ERR Register tunnel error from server side error="Unauthorized: Tunnel not found" connIndex=0 event=0 ip=2606:4700:a0::8
2026-09-18T10:21:48Z INF Retrying connection in up to 1m4s connIndex=0 event=0 ip=2606:4700:a0::8
2026-09-18T10:22:08Z INF Tunnel connection curve preferences: [X25519MLKEM768 CurveID(65074) CurveP256] connIndex=0 event=0 ip=2606:4700:a0::8
2026-09-18T10:22:08Z ERR Register tunnel error from server side error="Unauthorized: Tunnel not found" connIndex=0 event=0 ip=2606:4700:a0::8
2026-09-18T10:22:08Z INF Retrying connection in up to 1m4s connIndex=0 event=0 ip=2606:4700:a0::8
2026-09-18T10:22:39Z INF Tunnel connection curve preferences: [X25519MLKEM768 CurveID(65074) CurveP256] connIndex=0 event=0 ip=2606:4700:a0::8
2026-09-18T10:22:39Z ERR Register tunnel error from server side error="Unauthorized: Tunnel not found" connIndex=0 event=0 ip=2606:4700:a0::8
2026-09-18T10:22:39Z INF Retrying connection in up to 1m4s connIndex=0 event=0 ip=2606:4700:a0::8
2026-09-18T10:23:07Z INF Tunnel connection curve preferences: [X25519MLKEM768 CurveID(65074) CurveP256] connIndex=0 event=0 ip=2606:4700:a0::8
2026-09-18T10:23:07Z ERR Register tunnel error from server side error="Unauthorized: Tunnel not found" connIndex=0 event=0 ip=2606:4700:a0::8
2026-09-18T10:23:07Z INF Retrying connection in up to 1m4s connIndex=0 event=0 ip=2606:4700:a0::8
2026-09-18T10:23:36Z INF Tunnel connection curve preferences: [X25519MLKEM768 CurveID(65074) CurveP256] connIndex=0 event=0 ip=2606:4700:a0::8
2026-09-18T10:23:36Z ERR Register tunnel error from server side error="Unauthorized: Tunnel not found" connIndex=0 event=0 ip=2606:4700:a0::8
2026-09-18T10:23:36Z INF Retrying connection in up to 1m4s connIndex=0 event=0 ip=2606:4700:a0::8
2026-09-18T10:23:41Z INF Tunnel connection curve preferences: [X25519MLKEM768 CurveID(65074) CurveP256] connIndex=0 event=0 ip=2606:4700:a0::8
2026-09-18T10:23:41Z ERR Register tunnel error from server side error="Unauthorized: Tunnel not found" connIndex=0 event=0 ip=2606:4700:a0::8
2026-09-18T10:23:41Z INF Retrying connection in up to 1m4s connIndex=0 event=0 ip=2606:4700:a0::8
2026-09-18T10:24:00Z INF Tunnel connection curve preferences: [X25519MLKEM768 CurveID(65074) CurveP256] connIndex=0 event=0 ip=2606:4700:a0::8
2026-09-18T10:24:00Z ERR Register tunnel error from server side error="Unauthorized: Tunnel not found" connIndex=0 event=0 ip=2606:4700:a0::8
2026-09-18T10:24:00Z INF Retrying connection in up to 1m4s connIndex=0 event=0 ip=2606:4700:a0::8
2026-09-18T10:24:17Z INF Tunnel connection curve preferences: [X25519MLKEM768 CurveID(65074) CurveP256] connIndex=0 event=0 ip=2606:4700:a0::8
2026-09-18T10:24:17Z ERR Register tunnel error from server side error="Unauthorized: Tunnel not found" connIndex=0 event=0 ip=2606:4700:a0::8
2026-09-18T10:24:17Z INF Retrying connection in up to 1m4s connIndex=0 event=0 ip=2606:4700:a0::8
2026-09-18T10:24:31Z INF Tunnel connection curve preferences: [X25519MLKEM768 CurveID(65074) CurveP256] connIndex=0 event=0 ip=2606:4700:a0::8
2026-09-18T10:24:32Z ERR Register tunnel error from server side error="Unauthorized: Tunnel not found" connIndex=0 event=0 ip=2606:4700:a0::8
2026-09-18T10:24:32Z INF Retrying connection in up to 1m4s connIndex=0 event=0 ip=2606:4700:a0::8
2026-09-18T10:25:00Z INF Tunnel connection curve preferences: [X25519MLKEM768 CurveID(65074) CurveP256] connIndex=0 event=0 ip=2606:4700:a0::8
2026-09-18T10:25:00Z ERR Register tunnel error from server side error="Unauthorized: Tunnel not found" connIndex=0 event=0 ip=2606:4700:a0::8
2026-09-18T10:25:00Z INF Retrying connection in up to 1m4s connIndex=0 event=0 ip=2606:4700:a0::8
2026-09-18T10:25:01Z INF Tunnel connection curve preferences: [X25519MLKEM768 CurveID(65074) CurveP256] connIndex=0 event=0 ip=2606:4700:a0::8
2026-09-18T10:25:01Z ERR Register tunnel error from server side error="Unauthorized: Tunnel not found" connIndex=0 event=0 ip=2606:4700:a0::8
2026-09-18T10:25:01Z INF Retrying connection in up to 1m4s connIndex=0 event=0 ip=2606:4700:a0::8
2026-09-18T10:25:30Z INF Tunnel connection curve preferences: [X25519MLKEM768 CurveID(65074) CurveP256] connIndex=0 event=0 ip=2606:4700:a0::8
2026-09-18T10:25:30Z ERR Register tunnel error from server side error="Unauthorized: Tunnel not found" connIndex=0 event=0 ip=2606:4700:a0::8
2026-09-18T10:25:30Z INF Retrying connection in up to 1m4s connIndex=0 event=0 ip=2606:4700:a0::8
2026-09-18T10:25:47Z INF Tunnel connection curve preferences: [X25519MLKEM768 CurveID(65074) CurveP256] connIndex=0 event=0 ip=2606:4700:a0::8
2026-09-18T10:25:47Z ERR Register tunnel error from server side error="Unauthorized: Tunnel not found" connIndex=0 event=0 ip=2606:4700:a0::8
2026-09-18T10:25:47Z INF Retrying connection in up to 1m4s connIndex=0 event=0 ip=2606:4700:a0::8
2026-09-18T10:26:10Z INF Tunnel connection curve preferences: [X25519MLKEM768 CurveID(65074) CurveP256] connIndex=0 event=0 ip=2606:4700:a0::8
2026-09-18T10:26:10Z ERR Register tunnel error from server side error="Unauthorized: Tunnel not found" connIndex=0 event=0 ip=2606:4700:a0::8
2026-09-18T10:26:10Z INF Retrying connection in up to 1m4s connIndex=0 event=0 ip=2606:4700:a0::8
2026-09-18T10:26:24Z INF Tunnel connection curve preferences: [X25519MLKEM768 CurveID(65074) CurveP256] connIndex=0 event=0 ip=2606:4700:a0::8
2026-09-18T10:26:25Z ERR Register tunnel error from server side error="Unauthorized: Tunnel not found" connIndex=0 event=0 ip=2606:4700:a0::8
2026-09-18T10:26:25Z INF Retrying connection in up to 1m4s connIndex=0 event=0 ip=2606:4700:a0::8
2026-09-18T10:26:26Z INF Tunnel connection curve preferences: [X25519MLKEM768 CurveID(65074) CurveP256] connIndex=0 event=0 ip=2606:4700:a0::8
2026-09-18T10:26:26Z ERR Register tunnel error from server side error="Unauthorized: Tunnel not found" connIndex=0 event=0 ip=2606:4700:a0::8
2026-09-18T10:26:26Z INF Retrying connection in up to 1m4s connIndex=0 event=0 ip=2606:4700:a0::8
2026-09-18T10:26:47Z INF Tunnel connection curve preferences: [X25519MLKEM768 CurveID(65074) CurveP256] connIndex=0 event=0 ip=2606:4700:a0::8
2026-09-18T10:26:47Z ERR Register tunnel error from server side error="Unauthorized: Tunnel not found" connIndex=0 event=0 ip=2606:4700:a0::8
2026-09-18T10:26:47Z INF Retrying connection in up to 1m4s connIndex=0 event=0 ip=2606:4700:a0::8
2026-09-18T10:27:00Z INF Tunnel connection curve preferences: [X25519MLKEM768 CurveID(65074) CurveP256] connIndex=0 event=0 ip=2606:4700:a0::8
2026-09-18T10:27:00Z ERR Register tunnel error from server side error="Unauthorized: Tunnel not found" connIndex=0 event=0 ip=2606:4700:a0::8
2026-09-18T10:27:00Z INF Retrying connection in up to 1m4s connIndex=0 event=0 ip=2606:4700:a0::8
2026-09-18T10:27:19Z INF Tunnel connection curve preferences: [X25519MLKEM768 CurveID(65074) CurveP256] connIndex=0 event=0 ip=2606:4700:a0::8
2026-09-18T10:27:19Z ERR Register tunnel error from server side error="Unauthorized: Tunnel not found" connIndex=0 event=0 ip=2606:4700:a0::8
2026-09-18T10:27:19Z INF Retrying connection in up to 1m4s connIndex=0 event=0 ip=2606:4700:a0::8
2026-09-18T10:27:27Z INF Tunnel connection curve preferences: [X25519MLKEM768 CurveID(65074) CurveP256] connIndex=0 event=0 ip=2606:4700:a0::8
2026-09-18T10:27:28Z ERR Register tunnel error from server side error="Unauthorized: Tunnel not found" connIndex=0 event=0 ip=2606:4700:a0::8
2026-09-18T10:27:28Z INF Retrying connection in up to 1m4s connIndex=0 event=0 ip=2606:4700:a0::8
2026-09-18T10:27:36Z INF Tunnel connection curve preferences: [X25519MLKEM768 CurveID(65074) CurveP256] connIndex=0 event=0 ip=2606:4700:a0::8
2026-09-18T10:27:36Z ERR Register tunnel error from server side error="Unauthorized: Tunnel not found" connIndex=0 event=0 ip=2606:4700:a0::8
2026-09-18T10:27:36Z INF Retrying connection in up to 1m4s connIndex=0 event=0 ip=2606:4700:a0::8
2026-09-18T10:27:58Z INF Tunnel connection curve preferences: [X25519MLKEM768 CurveID(65074) CurveP256] connIndex=0 event=0 ip=2606:4700:a0::8
2026-09-18T10:27:58Z ERR Register tunnel error from server side error="Unauthorized: Tunnel not found" connIndex=0 event=0 ip=2606:4700:a0::8
2026-09-18T10:27:58Z INF Retrying connection in up to 1m4s connIndex=0 event=0 ip=2606:4700:a0::8
2026-09-18T10:28:08Z INF Tunnel connection curve preferences: [X25519MLKEM768 CurveID(65074) CurveP256] connIndex=0 event=0 ip=2606:4700:a0::8
2026-09-18T10:28:08Z ERR Register tunnel error from server side error="Unauthorized: Tunnel not found" connIndex=0 event=0 ip=2606:4700:a0::8
2026-09-18T10:28:08Z INF Retrying connection in up to 1m4s connIndex=0 event=0 ip=2606:4700:a0::8
2026-09-18T10:28:13Z INF Tunnel connection curve preferences: [X25519MLKEM768 CurveID(65074) CurveP256] connIndex=0 event=0 ip=2606:4700:a0::8
2026-09-18T10:28:13Z ERR Register tunnel error from server side error="Unauthorized: Tunnel not found" connIndex=0 event=0 ip=2606:4700:a0::8
2026-09-18T10:28:13Z INF Retrying connection in up to 1m4s connIndex=0 event=0 ip=2606:4700:a0::8
2026-09-18T10:28:16Z INF Tunnel connection curve preferences: [X25519MLKEM768 CurveID(65074) CurveP256] connIndex=0 event=0 ip=2606:4700:a0::8
2026-09-18T10:28:16Z ERR Register tunnel error from server side error="Unauthorized: Tunnel not found" connIndex=0 event=0 ip=2606:4700:a0::8
2026-09-18T10:28:16Z INF Retrying connection in up to 1m4s connIndex=0 event=0 ip=2606:4700:a0::8
2026-09-18T10:28:46Z INF Tunnel connection curve preferences: [X25519MLKEM768 CurveID(65074) CurveP256] connIndex=0 event=0 ip=2606:4700:a0::8
2026-09-18T10:28:46Z ERR Register tunnel error from server side error="Unauthorized: Tunnel not found" connIndex=0 event=0 ip=2606:4700:a0::8
2026-09-18T10:28:46Z INF Retrying connection in up to 1m4s connIndex=0 event=0 ip=2606:4700:a0::8
2026-09-18T10:29:10Z INF Tunnel connection curve preferences: [X25519MLKEM768 CurveID(65074) CurveP256] connIndex=0 event=0 ip=2606:4700:a0::8
2026-09-18T10:29:10Z ERR Register tunnel error from server side error="Unauthorized: Tunnel not found" connIndex=0 event=0 ip=2606:4700:a0::8
2026-09-18T10:29:10Z INF Retrying connection in up to 1m4s connIndex=0 event=0 ip=2606:4700:a0::8
2026-09-18T10:29:20Z INF Tunnel connection curve preferences: [X25519MLKEM768 CurveID(65074) CurveP256] connIndex=0 event=0 ip=2606:4700:a0::8
2026-09-18T10:29:20Z ERR Register tunnel error from server side error="Unauthorized: Tunnel not found" connIndex=0 event=0 ip=2606:4700:a0::8
2026-09-18T10:29:20Z INF Retrying connection in up to 1m4s connIndex=0 event=0 ip=2606:4700:a0::8
2026-09-18T10:29:31Z INF Tunnel connection curve preferences: [X25519MLKEM768 CurveID(65074) CurveP256] connIndex=0 event=0 ip=2606:4700:a0::8
2026-09-18T10:29:31Z ERR Register tunnel error from server side error="Unauthorized: Tunnel not found" connIndex=0 event=0 ip=2606:4700:a0::8
2026-09-18T10:29:31Z INF Retrying connection in up to 1m4s connIndex=0 event=0 ip=2606:4700:a0::8
2026-09-18T10:29:41Z INF Tunnel connection curve preferences: [X25519MLKEM768 CurveID(65074) CurveP256] connIndex=0 event=0 ip=2606:4700:a0::8
2026-09-18T10:29:41Z ERR Register tunnel error from server side error="Unauthorized: Tunnel not found" connIndex=0 event=0 ip=2606:4700:a0::8
2026-09-18T10:29:41Z INF Retrying connection in up to 1m4s connIndex=0 event=0 ip=2606:4700:a0::8
2026-09-18T10:29:55Z INF Tunnel connection curve preferences: [X25519MLKEM768 CurveID(65074) CurveP256] connIndex=0 event=0 ip=2606:4700:a0::8
2026-09-18T10:29:55Z ERR Register tunnel error from server side error="Unauthorized: Tunnel not found" connIndex=0 event=0 ip=2606:4700:a0::8
2026-09-18T10:29:55Z INF Retrying connection in up to 1m4s connIndex=0 event=0 ip=2606:4700:a0::8
2026-09-18T10:29:58Z INF Tunnel connection curve preferences: [X25519MLKEM768 CurveID(65074) CurveP256] connIndex=0 event=0 ip=2606:4700:a0::8
2026-09-18T10:29:59Z ERR Register tunnel error from server side error="Unauthorized: Tunnel not found" connIndex=0 event=0 ip=2606:4700:a0::8
2026-09-18T10:29:59Z INF Retrying connection in up to 1m4s connIndex=0 event=0 ip=2606:4700:a0::8
2026-09-18T10:30:21Z INF Tunnel connection curve preferences: [X25519MLKEM768 CurveID(65074) CurveP256] connIndex=0 event=0 ip=2606:4700:a0::8
2026-09-18T10:30:21Z ERR Register tunnel error from server side error="Unauthorized: Tunnel not found" connIndex=0 event=0 ip=2606:4700:a0::8
2026-09-18T10:30:21Z INF Retrying connection in up to 1m4s connIndex=0 event=0 ip=2606:4700:a0::8
2026-09-18T10:30:26Z INF Tunnel connection curve preferences: [X25519MLKEM768 CurveID(65074) CurveP256] connIndex=0 event=0 ip=2606:4700:a0::8
2026-09-18T10:30:26Z ERR Register tunnel error from server side error="Unauthorized: Tunnel not found" connIndex=0 event=0 ip=2606:4700:a0::8
2026-09-18T10:30:26Z INF Retrying connection in up to 1m4s connIndex=0 event=0 ip=2606:4700:a0::8
2026-09-18T10:30:41Z INF Tunnel connection curve preferences: [X25519MLKEM768 CurveID(65074) CurveP256] connIndex=0 event=0 ip=2606:4700:a0::8
2026-09-18T10:30:41Z ERR Register tunnel error from server side error="Unauthorized: Tunnel not found" connIndex=0 event=0 ip=2606:4700:a0::8
2026-09-18T10:30:41Z INF Retrying connection in up to 1m4s connIndex=0 event=0 ip=2606:4700:a0::8
2026-09-18T10:30:50Z INF Tunnel connection curve preferences: [X25519MLKEM768 CurveID(65074) CurveP256] connIndex=0 event=0 ip=2606:4700:a0::8
2026-09-18T10:30:50Z ERR Register tunnel error from server side error="Unauthorized: Tunnel not found" connIndex=0 event=0 ip=2606:4700:a0::8
2026-09-18T10:30:50Z INF Retrying connection in up to 1m4s connIndex=0 event=0 ip=2606:4700:a0::8
2026-09-18T10:31:19Z INF Tunnel connection curve preferences: [X25519MLKEM768 CurveID(65074) CurveP256] connIndex=0 event=0 ip=2606:4700:a0::8
2026-09-18T10:31:19Z ERR Register tunnel error from server side error="Unauthorized: Tunnel not found" connIndex=0 event=0 ip=2606:4700:a0::8
2026-09-18T10:31:19Z INF Retrying connection in up to 1m4s connIndex=0 event=0 ip=2606:4700:a0::8
2026-09-18T10:31:45Z INF Tunnel connection curve preferences: [X25519MLKEM768 CurveID(65074) CurveP256] connIndex=0 event=0 ip=2606:4700:a0::8
2026-09-18T10:31:45Z ERR Register tunnel error from server side error="Unauthorized: Tunnel not found" connIndex=0 event=0 ip=2606:4700:a0::8
2026-09-18T10:31:45Z INF Retrying connection in up to 1m4s connIndex=0 event=0 ip=2606:4700:a0::8
2026-09-18T10:32:13Z INF Tunnel connection curve preferences: [X25519MLKEM768 CurveID(65074) CurveP256] connIndex=0 event=0 ip=2606:4700:a0::8
2026-09-18T10:32:14Z ERR Register tunnel error from server side error="Unauthorized: Tunnel not found" connIndex=0 event=0 ip=2606:4700:a0::8
2026-09-18T10:32:14Z INF Retrying connection in up to 1m4s connIndex=0 event=0 ip=2606:4700:a0::8
2026-09-18T10:32:26Z INF Tunnel connection curve preferences: [X25519MLKEM768 CurveID(65074) CurveP256] connIndex=0 event=0 ip=2606:4700:a0::8
2026-09-18T10:32:26Z ERR Register tunnel error from server side error="Unauthorized: Tunnel not found" connIndex=0 event=0 ip=2606:4700:a0::8
2026-09-18T10:32:26Z INF Retrying connection in up to 1m4s connIndex=0 event=0 ip=2606:4700:a0::8
2026-09-18T10:32:49Z INF Tunnel connection curve preferences: [X25519MLKEM768 CurveID(65074) CurveP256] connIndex=0 event=0 ip=2606:4700:a0::8
2026-09-18T10:32:49Z ERR Register tunnel error from server side error="Unauthorized: Tunnel not found" connIndex=0 event=0 ip=2606:4700:a0::8
2026-09-18T10:32:49Z INF Retrying connection in up to 1m4s connIndex=0 event=0 ip=2606:4700:a0::8
2026-09-18T10:33:13Z INF Tunnel connection curve preferences: [X25519MLKEM768 CurveID(65074) CurveP256] connIndex=0 event=0 ip=2606:4700:a0::8
2026-09-18T10:33:13Z ERR Register tunnel error from server side error="Unauthorized: Tunnel not found" connIndex=0 event=0 ip=2606:4700:a0::8
2026-09-18T10:33:13Z INF Retrying connection in up to 1m4s connIndex=0 event=0 ip=2606:4700:a0::8
2026-09-18T10:33:29Z INF Tunnel connection curve preferences: [X25519MLKEM768 CurveID(65074) CurveP256] connIndex=0 event=0 ip=2606:4700:a0::8
2026-09-18T10:33:29Z ERR Register tunnel error from server side error="Unauthorized: Tunnel not found" connIndex=0 event=0 ip=2606:4700:a0::8
2026-09-18T10:33:29Z INF Retrying connection in up to 1m4s connIndex=0 event=0 ip=2606:4700:a0::8
2026-09-18T10:33:36Z INF Tunnel connection curve preferences: [X25519MLKEM768 CurveID(65074) CurveP256] connIndex=0 event=0 ip=2606:4700:a0::8
2026-09-18T10:33:36Z ERR Register tunnel error from server side error="Unauthorized: Tunnel not found" connIndex=0 event=0 ip=2606:4700:a0::8
2026-09-18T10:33:36Z INF Retrying connection in up to 1m4s connIndex=0 event=0 ip=2606:4700:a0::8
2026-09-18T10:33:58Z INF Tunnel connection curve preferences: [X25519MLKEM768 CurveID(65074) CurveP256] connIndex=0 event=0 ip=2606:4700:a0::8
2026-09-18T10:33:59Z ERR Register tunnel error from server side error="Unauthorized: Tunnel not found" connIndex=0 event=0 ip=2606:4700:a0::8
2026-09-18T10:33:59Z INF Retrying connection in up to 1m4s connIndex=0 event=0 ip=2606:4700:a0::8
2026-09-18T10:34:30Z INF Tunnel connection curve preferences: [X25519MLKEM768 CurveID(65074) CurveP256] connIndex=0 event=0 ip=2606:4700:a0::8
2026-09-18T10:34:30Z ERR Register tunnel error from server side error="Unauthorized: Tunnel not found" connIndex=0 event=0 ip=2606:4700:a0::8
2026-09-18T10:34:30Z INF Retrying connection in up to 1m4s connIndex=0 event=0 ip=2606:4700:a0::8
2026-09-18T10:34:35Z INF Tunnel connection curve preferences: [X25519MLKEM768 CurveID(65074) CurveP256] connIndex=0 event=0 ip=2606:4700:a0::8
2026-09-18T10:34:35Z ERR Register tunnel error from server side error="Unauthorized: Tunnel not found" connIndex=0 event=0 ip=2606:4700:a0::8
2026-09-18T10:34:35Z INF Retrying connection in up to 1m4s connIndex=0 event=0 ip=2606:4700:a0::8
2026-09-18T10:34:57Z INF Tunnel connection curve preferences: [X25519MLKEM768 CurveID(65074) CurveP256] connIndex=0 event=0 ip=2606:4700:a0::8
2026-09-18T10:34:57Z ERR Register tunnel error from server side error="Unauthorized: Tunnel not found" connIndex=0 event=0 ip=2606:4700:a0::8
2026-09-18T10:34:57Z INF Retrying connection in up to 1m4s connIndex=0 event=0 ip=2606:4700:a0::8
2026-09-18T10:34:59Z INF Tunnel connection curve preferences: [X25519MLKEM768 CurveID(65074) CurveP256] connIndex=0 event=0 ip=2606:4700:a0::8
2026-09-18T10:34:59Z ERR Register tunnel error from server side error="Unauthorized: Tunnel not found" connIndex=0 event=0 ip=2606:4700:a0::8
2026-09-18T10:34:59Z INF Retrying connection in up to 1m4s connIndex=0 event=0 ip=2606:4700:a0::8
2026-09-18T10:35:21Z INF Tunnel connection curve preferences: [X25519MLKEM768 CurveID(65074) CurveP256] connIndex=0 event=0 ip=2606:4700:a0::8
2026-09-18T10:35:22Z ERR Register tunnel error from server side error="Unauthorized: Tunnel not found" connIndex=0 event=0 ip=2606:4700:a0::8
2026-09-18T10:35:22Z INF Retrying connection in up to 1m4s connIndex=0 event=0 ip=2606:4700:a0::8
2026-09-18T10:35:48Z INF Tunnel connection curve preferences: [X25519MLKEM768 CurveID(65074) CurveP256] connIndex=0 event=0 ip=2606:4700:a0::8
2026-09-18T10:35:48Z ERR Register tunnel error from server side error="Unauthorized: Tunnel not found" connIndex=0 event=0 ip=2606:4700:a0::8
2026-09-18T10:35:48Z INF Retrying connection in up to 1m4s connIndex=0 event=0 ip=2606:4700:a0::8
2026-09-18T10:35:49Z INF Tunnel connection curve preferences: [X25519MLKEM768 CurveID(65074) CurveP256] connIndex=0 event=0 ip=2606:4700:a0::8
2026-09-18T10:35:49Z ERR Register tunnel error from server side error="Unauthorized: Tunnel not found" connIndex=0 event=0 ip=2606:4700:a0::8
2026-09-18T10:35:49Z INF Retrying connection in up to 1m4s connIndex=0 event=0 ip=2606:4700:a0::8
2026-09-18T10:36:02Z INF Tunnel connection curve preferences: [X25519MLKEM768 CurveID(65074) CurveP256] connIndex=0 event=0 ip=2606:4700:a0::8
2026-09-18T10:36:02Z ERR Register tunnel error from server side error="Unauthorized: Tunnel not found" connIndex=0 event=0 ip=2606:4700:a0::8
2026-09-18T10:36:02Z INF Retrying connection in up to 1m4s connIndex=0 event=0 ip=2606:4700:a0::8
2026-09-18T10:36:08Z INF Tunnel connection curve preferences: [X25519MLKEM768 CurveID(65074) CurveP256] connIndex=0 event=0 ip=2606:4700:a0::8
2026-09-18T10:36:08Z ERR Register tunnel error from server side error="Unauthorized: Tunnel not found" connIndex=0 event=0 ip=2606:4700:a0::8
2026-09-18T10:36:08Z INF Retrying connection in up to 1m4s connIndex=0 event=0 ip=2606:4700:a0::8
2026-09-18T10:36:23Z INF Tunnel connection curve preferences: [X25519MLKEM768 CurveID(65074) CurveP256] connIndex=0 event=0 ip=2606:4700:a0::8
2026-09-18T10:36:23Z ERR Register tunnel error from server side error="Unauthorized: Tunnel not found" connIndex=0 event=0 ip=2606:4700:a0::8
2026-09-18T10:36:23Z INF Retrying connection in up to 1m4s connIndex=0 event=0 ip=2606:4700:a0::8
2026-09-18T10:36:35Z INF Tunnel connection curve preferences: [X25519MLKEM768 CurveID(65074) CurveP256] connIndex=0 event=0 ip=2606:4700:a0::8
2026-09-18T10:36:35Z ERR Register tunnel error from server side error="Unauthorized: Tunnel not found" connIndex=0 event=0 ip=2606:4700:a0::8
2026-09-18T10:36:35Z INF Retrying connection in up to 1m4s connIndex=0 event=0 ip=2606:4700:a0::8
2026-09-18T10:36:54Z INF Tunnel connection curve preferences: [X25519MLKEM768 CurveID(65074) CurveP256] connIndex=0 event=0 ip=2606:4700:a0::8
2026-09-18T10:36:54Z ERR Register tunnel error from server side error="Unauthorized: Tunnel not found" connIndex=0 event=0 ip=2606:4700:a0::8
2026-09-18T10:36:54Z INF Retrying connection in up to 1m4s connIndex=0 event=0 ip=2606:4700:a0::8
2026-09-18T10:37:18Z INF Tunnel connection curve preferences: [X25519MLKEM768 CurveID(65074) CurveP256] connIndex=0 event=0 ip=2606:4700:a0::8
2026-09-18T10:37:18Z ERR Register tunnel error from server side error="Unauthorized: Tunnel not found" connIndex=0 event=0 ip=2606:4700:a0::8
2026-09-18T10:37:18Z INF Retrying connection in up to 1m4s connIndex=0 event=0 ip=2606:4700:a0::8
2026-09-18T10:37:35Z INF Tunnel connection curve preferences: [X25519MLKEM768 CurveID(65074) CurveP256] connIndex=0 event=0 ip=2606:4700:a0::8
2026-09-18T10:37:35Z ERR Register tunnel error from server side error="Unauthorized: Tunnel not found" connIndex=0 event=0 ip=2606:4700:a0::8
2026-09-18T10:37:35Z INF Retrying connection in up to 1m4s connIndex=0 event=0 ip=2606:4700:a0::8
2026-09-18T10:37:50Z INF Tunnel connection curve preferences: [X25519MLKEM768 CurveID(65074) CurveP256] connIndex=0 event=0 ip=2606:4700:a0::8
2026-09-18T10:37:50Z ERR Register tunnel error from server side error="Unauthorized: Tunnel not found" connIndex=0 event=0 ip=2606:4700:a0::8
2026-09-18T10:37:50Z INF Retrying connection in up to 1m4s connIndex=0 event=0 ip=2606:4700:a0::8
2026-09-18T10:38:04Z INF Tunnel connection curve preferences: [X25519MLKEM768 CurveID(65074) CurveP256] connIndex=0 event=0 ip=2606:4700:a0::8
2026-09-18T10:38:05Z ERR Register tunnel error from server side error="Unauthorized: Tunnel not found" connIndex=0 event=0 ip=2606:4700:a0::8
2026-09-18T10:38:05Z INF Retrying connection in up to 1m4s connIndex=0 event=0 ip=2606:4700:a0::8
2026-09-18T10:38:33Z INF Tunnel connection curve preferences: [X25519MLKEM768 CurveID(65074) CurveP256] connIndex=0 event=0 ip=2606:4700:a0::8
2026-09-18T10:38:33Z ERR Register tunnel error from server side error="Unauthorized: Tunnel not found" connIndex=0 event=0 ip=2606:4700:a0::8
2026-09-18T10:38:33Z INF Retrying connection in up to 1m4s connIndex=0 event=0 ip=2606:4700:a0::8
2026-09-18T10:38:44Z INF Tunnel connection curve preferences: [X25519MLKEM768 CurveID(65074) CurveP256] connIndex=0 event=0 ip=2606:4700:a0::8
2026-09-18T10:38:44Z ERR Register tunnel error from server side error="Unauthorized: Tunnel not found" connIndex=0 event=0 ip=2606:4700:a0::8
2026-09-18T10:38:44Z INF Retrying connection in up to 1m4s connIndex=0 event=0 ip=2606:4700:a0::8
2026-09-18T10:38:59Z INF Tunnel connection curve preferences: [X25519MLKEM768 CurveID(65074) CurveP256] connIndex=0 event=0 ip=2606:4700:a0::8
2026-09-18T10:38:59Z ERR Register tunnel error from server side error="Unauthorized: Tunnel not found" connIndex=0 event=0 ip=2606:4700:a0::8
2026-09-18T10:38:59Z INF Retrying connection in up to 1m4s connIndex=0 event=0 ip=2606:4700:a0::8
2026-09-18T10:39:02Z INF Tunnel connection curve preferences: [X25519MLKEM768 CurveID(65074) CurveP256] connIndex=0 event=0 ip=2606:4700:a0::8
2026-09-18T10:39:02Z ERR Register tunnel error from server side error="Unauthorized: Tunnel not found" connIndex=0 event=0 ip=2606:4700:a0::8
2026-09-18T10:39:02Z INF Retrying connection in up to 1m4s connIndex=0 event=0 ip=2606:4700:a0::8
2026-09-18T10:39:22Z INF Tunnel connection curve preferences: [X25519MLKEM768 CurveID(65074) CurveP256] connIndex=0 event=0 ip=2606:4700:a0::8
2026-09-18T10:39:22Z ERR Register tunnel error from server side error="Unauthorized: Tunnel not found" connIndex=0 event=0 ip=2606:4700:a0::8
2026-09-18T10:39:22Z INF Retrying connection in up to 1m4s connIndex=0 event=0 ip=2606:4700:a0::8
2026-09-18T10:39:34Z INF Tunnel connection curve preferences: [X25519MLKEM768 CurveID(65074) CurveP256] connIndex=0 event=0 ip=2606:4700:a0::8
2026-09-18T10:39:34Z ERR Register tunnel error from server side error="Unauthorized: Tunnel not found" connIndex=0 event=0 ip=2606:4700:a0::8
2026-09-18T10:39:34Z INF Retrying connection in up to 1m4s connIndex=0 event=0 ip=2606:4700:a0::8
2026-09-18T10:39:51Z INF Tunnel connection curve preferences: [X25519MLKEM768 CurveID(65074) CurveP256] connIndex=0 event=0 ip=2606:4700:a0::8
2026-09-18T10:39:51Z ERR Register tunnel error from server side error="Unauthorized: Tunnel not found" connIndex=0 event=0 ip=2606:4700:a0::8
2026-09-18T10:39:51Z INF Retrying connection in up to 1m4s connIndex=0 event=0 ip=2606:4700:a0::8
2026-09-18T10:39:57Z INF Tunnel connection curve preferences: [X25519MLKEM768 CurveID(65074) CurveP256] connIndex=0 event=0 ip=2606:4700:a0::8
2026-09-18T10:39:57Z ERR Register tunnel error from server side error="Unauthorized: Tunnel not found" connIndex=0 event=0 ip=2606:4700:a0::8
2026-09-18T10:39:57Z INF Retrying connection in up to 1m4s connIndex=0 event=0 ip=2606:4700:a0::8
2026-09-18T10:40:03Z INF Tunnel connection curve preferences: [X25519MLKEM768 CurveID(65074) CurveP256] connIndex=0 event=0 ip=2606:4700:a0::8
2026-09-18T10:40:03Z ERR Register tunnel error from server side error="Unauthorized: Tunnel not found" connIndex=0 event=0 ip=2606:4700:a0::8
2026-09-18T10:40:03Z INF Retrying connection in up to 1m4s connIndex=0 event=0 ip=2606:4700:a0::8
2026-09-18T10:40:32Z INF Tunnel connection curve preferences: [X25519MLKEM768 CurveID(65074) CurveP256] connIndex=0 event=0 ip=2606:4700:a0::8
2026-09-18T10:40:32Z ERR Register tunnel error from server side error="Unauthorized: Tunnel not found" connIndex=0 event=0 ip=2606:4700:a0::8
2026-09-18T10:40:32Z INF Retrying connection in up to 1m4s connIndex=0 event=0 ip=2606:4700:a0::8
2026-09-18T10:40:57Z INF Tunnel connection curve preferences: [X25519MLKEM768 CurveID(65074) CurveP256] connIndex=0 event=0 ip=2606:4700:a0::8
2026-09-18T10:40:57Z ERR Register tunnel error from server side error="Unauthorized: Tunnel not found" connIndex=0 event=0 ip=2606:4700:a0::8
2026-09-18T10:40:57Z INF Retrying connection in up to 1m4s connIndex=0 event=0 ip=2606:4700:a0::8
2026-09-18T10:41:00Z INF Tunnel connection curve preferences: [X25519MLKEM768 CurveID(65074) CurveP256] connIndex=0 event=0 ip=2606:4700:a0::8
2026-09-18T10:41:00Z ERR Register tunnel error from server side error="Unauthorized: Tunnel not found" connIndex=0 event=0 ip=2606:4700:a0::8
2026-09-18T10:41:00Z INF Retrying connection in up to 1m4s connIndex=0 event=0 ip=2606:4700:a0::8
2026-09-18T10:41:10Z INF Tunnel connection curve preferences: [X25519MLKEM768 CurveID(65074) CurveP256] connIndex=0 event=0 ip=2606:4700:a0::8
2026-09-18T10:41:11Z ERR Register tunnel error from server side error="Unauthorized: Tunnel not found" connIndex=0 event=0 ip=2606:4700:a0::8
2026-09-18T10:41:11Z INF Retrying connection in up to 1m4s connIndex=0 event=0 ip=2606:4700:a0::8
2026-09-18T10:41:19Z INF Tunnel connection curve preferences: [X25519MLKEM768 CurveID(65074) CurveP256] connIndex=0 event=0 ip=2606:4700:a0::8
2026-09-18T10:41:19Z ERR Register tunnel error from server side error="Unauthorized: Tunnel not found" connIndex=0 event=0 ip=2606:4700:a0::8
2026-09-18T10:41:19Z INF Retrying connection in up to 1m4s connIndex=0 event=0 ip=2606:4700:a0::8
2026-09-18T10:41:37Z INF Tunnel connection curve preferences: [X25519MLKEM768 CurveID(65074) CurveP256] connIndex=0 event=0 ip=2606:4700:a0::8
2026-09-18T10:41:37Z ERR Register tunnel error from server side error="Unauthorized: Tunnel not found" connIndex=0 event=0 ip=2606:4700:a0::8
2026-09-18T10:41:37Z INF Retrying connection in up to 1m4s connIndex=0 event=0 ip=2606:4700:a0::8
2026-09-18T10:42:02Z INF Tunnel connection curve preferences: [X25519MLKEM768 CurveID(65074) CurveP256] connIndex=0 event=0 ip=2606:4700:a0::8
2026-09-18T10:42:03Z ERR Register tunnel error from server side error="Unauthorized: Tunnel not found" connIndex=0 event=0 ip=2606:4700:a0::8
2026-09-18T10:42:03Z INF Retrying connection in up to 1m4s connIndex=0 event=0 ip=2606:4700:a0::8
2026-09-18T10:42:23Z INF Tunnel connection curve preferences: [X25519MLKEM768 CurveID(65074) CurveP256] connIndex=0 event=0 ip=2606:4700:a0::8
2026-09-18T10:42:23Z ERR Register tunnel error from server side error="Unauthorized: Tunnel not found" connIndex=0 event=0 ip=2606:4700:a0::8
2026-09-18T10:42:23Z INF Retrying connection in up to 1m4s connIndex=0 event=0 ip=2606:4700:a0::8
2026-09-18T10:42:37Z INF Tunnel connection curve preferences: [X25519MLKEM768 CurveID(65074) CurveP256] connIndex=0 event=0 ip=2606:4700:a0::8
2026-09-18T10:42:38Z ERR Register tunnel error from server side error="Unauthorized: Tunnel not found" connIndex=0 event=0 ip=2606:4700:a0::8
2026-09-18T10:42:38Z INF Retrying connection in up to 1m4s connIndex=0 event=0 ip=2606:4700:a0::8
2026-09-18T10:42:54Z INF Tunnel connection curve preferences: [X25519MLKEM768 CurveID(65074) CurveP256] connIndex=0 event=0 ip=2606:4700:a0::8
2026-09-18T10:42:54Z ERR Register tunnel error from server side error="Unauthorized: Tunnel not found" connIndex=0 event=0 ip=2606:4700:a0::8
2026-09-18T10:42:54Z INF Retrying connection in up to 1m4s connIndex=0 event=0 ip=2606:4700:a0::8
2026-09-18T10:43:17Z INF Tunnel connection curve preferences: [X25519MLKEM768 CurveID(65074) CurveP256] connIndex=0 event=0 ip=2606:4700:a0::8
2026-09-18T10:43:17Z ERR Register tunnel error from server side error="Unauthorized: Tunnel not found" connIndex=0 event=0 ip=2606:4700:a0::8
2026-09-18T10:43:17Z INF Retrying connection in up to 1m4s connIndex=0 event=0 ip=2606:4700:a0::8
2026-09-18T10:43:49Z INF Tunnel connection curve preferences: [X25519MLKEM768 CurveID(65074) CurveP256] connIndex=0 event=0 ip=2606:4700:a0::8
2026-09-18T10:43:49Z ERR Register tunnel error from server side error="Unauthorized: Tunnel not found" connIndex=0 event=0 ip=2606:4700:a0::8
2026-09-18T10:43:49Z INF Retrying connection in up to 1m4s connIndex=0 event=0 ip=2606:4700:a0::8
2026-09-18T10:44:00Z INF Tunnel connection curve preferences: [X25519MLKEM768 CurveID(65074) CurveP256] connIndex=0 event=0 ip=2606:4700:a0::8
2026-09-18T10:44:00Z ERR Register tunnel error from server side error="Unauthorized: Tunnel not found" connIndex=0 event=0 ip=2606:4700:a0::8
2026-09-18T10:44:00Z INF Retrying connection in up to 1m4s connIndex=0 event=0 ip=2606:4700:a0::8
2026-09-18T10:44:00Z INF Tunnel connection curve preferences: [X25519MLKEM768 CurveID(65074) CurveP256] connIndex=0 event=0 ip=2606:4700:a0::8
2026-09-18T10:44:00Z ERR Register tunnel error from server side error="Unauthorized: Tunnel not found" connIndex=0 event=0 ip=2606:4700:a0::8
2026-09-18T10:44:00Z INF Retrying connection in up to 1m4s connIndex=0 event=0 ip=2606:4700:a0::8
2026-09-18T10:44:26Z INF Tunnel connection curve preferences: [X25519MLKEM768 CurveID(65074) CurveP256] connIndex=0 event=0 ip=2606:4700:a0::8
2026-09-18T10:44:26Z ERR Register tunnel error from server side error="Unauthorized: Tunnel not found" connIndex=0 event=0 ip=2606:4700:a0::8
2026-09-18T10:44:26Z INF Retrying connection in up to 1m4s connIndex=0 event=0 ip=2606:4700:a0::8
2026-09-18T10:44:32Z INF Tunnel connection curve preferences: [X25519MLKEM768 CurveID(65074) CurveP256] connIndex=0 event=0 ip=2606:4700:a0::8
2026-09-18T10:44:32Z ERR Register tunnel error from server side error="Unauthorized: Tunnel not found" connIndex=0 event=0 ip=2606:4700:a0::8
2026-09-18T10:44:32Z INF Retrying connection in up to 1m4s connIndex=0 event=0 ip=2606:4700:a0::8
2026-09-18T10:44:46Z INF Tunnel connection curve preferences: [X25519MLKEM768 CurveID(65074) CurveP256] connIndex=0 event=0 ip=2606:4700:a0::8
2026-09-18T10:44:46Z ERR Register tunnel error from server side error="Unauthorized: Tunnel not found" connIndex=0 event=0 ip=2606:4700:a0::8
2026-09-18T10:44:46Z INF Retrying connection in up to 1m4s connIndex=0 event=0 ip=2606:4700:a0::8
2026-09-18T10:45:09Z INF Tunnel connection curve preferences: [X25519MLKEM768 CurveID(65074) CurveP256] connIndex=0 event=0 ip=2606:4700:a0::8
2026-09-18T10:45:09Z ERR Register tunnel error from server side error="Unauthorized: Tunnel not found" connIndex=0 event=0 ip=2606:4700:a0::8
2026-09-18T10:45:09Z INF Retrying connection in up to 1m4s connIndex=0 event=0 ip=2606:4700:a0::8
2026-09-18T10:45:31Z INF Tunnel connection curve preferences: [X25519MLKEM768 CurveID(65074) CurveP256] connIndex=0 event=0 ip=2606:4700:a0::8
2026-09-18T10:45:31Z ERR Register tunnel error from server side error="Unauthorized: Tunnel not found" connIndex=0 event=0 ip=2606:4700:a0::8
2026-09-18T10:45:31Z INF Retrying connection in up to 1m4s connIndex=0 event=0 ip=2606:4700:a0::8
2026-09-18T10:45:56Z INF Tunnel connection curve preferences: [X25519MLKEM768 CurveID(65074) CurveP256] connIndex=0 event=0 ip=2606:4700:a0::8
2026-09-18T10:45:56Z ERR Register tunnel error from server side error="Unauthorized: Tunnel not found" connIndex=0 event=0 ip=2606:4700:a0::8
2026-09-18T10:45:56Z INF Retrying connection in up to 1m4s connIndex=0 event=0 ip=2606:4700:a0::8
2026-09-18T10:46:06Z INF Tunnel connection curve preferences: [X25519MLKEM768 CurveID(65074) CurveP256] connIndex=0 event=0 ip=2606:4700:a0::8
2026-09-18T10:46:06Z ERR Register tunnel error from server side error="Unauthorized: Tunnel not found" connIndex=0 event=0 ip=2606:4700:a0::8
2026-09-18T10:46:06Z INF Retrying connection in up to 1m4s connIndex=0 event=0 ip=2606:4700:a0::8
2026-09-18T10:46:06Z INF Tunnel connection curve preferences: [X25519MLKEM768 CurveID(65074) CurveP256] connIndex=0 event=0 ip=2606:4700:a0::8
2026-09-18T10:46:06Z ERR Register tunnel error from server side error="Unauthorized: Tunnel not found" connIndex=0 event=0 ip=2606:4700:a0::8
2026-09-18T10:46:06Z INF Retrying connection in up to 1m4s connIndex=0 event=0 ip=2606:4700:a0::8
2026-09-18T10:46:23Z INF Tunnel connection curve preferences: [X25519MLKEM768 CurveID(65074) CurveP256] connIndex=0 event=0 ip=2606:4700:a0::8
2026-09-18T10:46:23Z ERR Register tunnel error from server side error="Unauthorized: Tunnel not found" connIndex=0 event=0 ip=2606:4700:a0::8
2026-09-18T10:46:23Z INF Retrying connection in up to 1m4s connIndex=0 event=0 ip=2606:4700:a0::8
2026-09-18T10:46:42Z INF Tunnel connection curve preferences: [X25519MLKEM768 CurveID(65074) CurveP256] connIndex=0 event=0 ip=2606:4700:a0::8
2026-09-18T10:46:42Z ERR Register tunnel error from server side error="Unauthorized: Tunnel not found" connIndex=0 event=0 ip=2606:4700:a0::8
2026-09-18T10:46:42Z INF Retrying connection in up to 1m4s connIndex=0 event=0 ip=2606:4700:a0::8
2026-09-18T10:47:02Z INF Tunnel connection curve preferences: [X25519MLKEM768 CurveID(65074) CurveP256] connIndex=0 event=0 ip=2606:4700:a0::8
2026-09-18T10:47:02Z ERR Register tunnel error from server side error="Unauthorized: Tunnel not found" connIndex=0 event=0 ip=2606:4700:a0::8
2026-09-18T10:47:02Z INF Retrying connection in up to 1m4s connIndex=0 event=0 ip=2606:4700:a0::8
2026-09-18T10:47:02Z INF Tunnel connection curve preferences: [X25519MLKEM768 CurveID(65074) CurveP256] connIndex=0 event=0 ip=2606:4700:a0::8
2026-09-18T10:47:02Z ERR Register tunnel error from server side error="Unauthorized: Tunnel not found" connIndex=0 event=0 ip=2606:4700:a0::8
2026-09-18T10:47:02Z INF Retrying connection in up to 1m4s connIndex=0 event=0 ip=2606:4700:a0::8
2026-09-18T10:47:22Z INF Tunnel connection curve preferences: [X25519MLKEM768 CurveID(65074) CurveP256] connIndex=0 event=0 ip=2606:4700:a0::8
2026-09-18T10:47:22Z ERR Register tunnel error from server side error="Unauthorized: Tunnel not found" connIndex=0 event=0 ip=2606:4700:a0::8
2026-09-18T10:47:22Z INF Retrying connection in up to 1m4s connIndex=0 event=0 ip=2606:4700:a0::8
2026-09-18T10:47:37Z INF Tunnel connection curve preferences: [X25519MLKEM768 CurveID(65074) CurveP256] connIndex=0 event=0 ip=2606:4700:a0::8
2026-09-18T10:47:37Z ERR Register tunnel error from server side error="Unauthorized: Tunnel not found" connIndex=0 event=0 ip=2606:4700:a0::8
2026-09-18T10:47:37Z INF Retrying connection in up to 1m4s connIndex=0 event=0 ip=2606:4700:a0::8
2026-09-18T10:47:55Z INF Tunnel connection curve preferences: [X25519MLKEM768 CurveID(65074) CurveP256] connIndex=0 event=0 ip=2606:4700:a0::8
2026-09-18T10:47:55Z ERR Register tunnel error from server side error="Unauthorized: Tunnel not found" connIndex=0 event=0 ip=2606:4700:a0::8
2026-09-18T10:47:55Z INF Retrying connection in up to 1m4s connIndex=0 event=0 ip=2606:4700:a0::8
2026-09-18T10:48:21Z INF Tunnel connection curve preferences: [X25519MLKEM768 CurveID(65074) CurveP256] connIndex=0 event=0 ip=2606:4700:a0::8
2026-09-18T10:48:21Z ERR Register tunnel error from server side error="Unauthorized: Tunnel not found" connIndex=0 event=0 ip=2606:4700:a0::8
2026-09-18T10:48:21Z INF Retrying connection in up to 1m4s connIndex=0 event=0 ip=2606:4700:a0::8
2026-09-18T10:48:43Z INF Tunnel connection curve preferences: [X25519MLKEM768 CurveID(65074) CurveP256] connIndex=0 event=0 ip=2606:4700:a0::8
2026-09-18T10:48:43Z ERR Register tunnel error from server side error="Unauthorized: Tunnel not found" connIndex=0 event=0 ip=2606:4700:a0::8
2026-09-18T10:48:43Z INF Retrying connection in up to 1m4s connIndex=0 event=0 ip=2606:4700:a0::8
2026-09-18T10:49:00Z INF Tunnel connection curve preferences: [X25519MLKEM768 CurveID(65074) CurveP256] connIndex=0 event=0 ip=2606:4700:a0::8
2026-09-18T10:49:00Z ERR Register tunnel error from server side error="Unauthorized: Tunnel not found" connIndex=0 event=0 ip=2606:4700:a0::8
2026-09-18T10:49:00Z INF Retrying connection in up to 1m4s connIndex=0 event=0 ip=2606:4700:a0::8
2026-09-18T10:49:20Z INF Tunnel connection curve preferences: [X25519MLKEM768 CurveID(65074) CurveP256] connIndex=0 event=0 ip=2606:4700:a0::8
2026-09-18T10:49:20Z ERR Register tunnel error from server side error="Unauthorized: Tunnel not found" connIndex=0 event=0 ip=2606:4700:a0::8
2026-09-18T10:49:20Z INF Retrying connection in up to 1m4s connIndex=0 event=0 ip=2606:4700:a0::8
2026-09-18T10:49:43Z INF Tunnel connection curve preferences: [X25519MLKEM768 CurveID(65074) CurveP256] connIndex=0 event=0 ip=2606:4700:a0::8
2026-09-18T10:49:43Z ERR Register tunnel error from server side error="Unauthorized: Tunnel not found" connIndex=0 event=0 ip=2606:4700:a0::8
2026-09-18T10:49:43Z INF Retrying connection in up to 1m4s connIndex=0 event=0 ip=2606:4700:a0::8
2026-09-18T10:50:02Z INF Tunnel connection curve preferences: [X25519MLKEM768 CurveID(65074) CurveP256] connIndex=0 event=0 ip=2606:4700:a0::8
2026-09-18T10:50:02Z ERR Register tunnel error from server side error="Unauthorized: Tunnel not found" connIndex=0 event=0 ip=2606:4700:a0::8
2026-09-18T10:50:02Z INF Retrying connection in up to 1m4s connIndex=0 event=0 ip=2606:4700:a0::8
2026-09-18T10:50:14Z INF Tunnel connection curve preferences: [X25519MLKEM768 CurveID(65074) CurveP256] connIndex=0 event=0 ip=2606:4700:a0::8
2026-09-18T10:50:15Z ERR Register tunnel error from server side error="Unauthorized: Tunnel not found" connIndex=0 event=0 ip=2606:4700:a0::8
2026-09-18T10:50:15Z INF Retrying connection in up to 1m4s connIndex=0 event=0 ip=2606:4700:a0::8
2026-09-18T10:50:39Z INF Tunnel connection curve preferences: [X25519MLKEM768 CurveID(65074) CurveP256] connIndex=0 event=0 ip=2606:4700:a0::8
2026-09-18T10:50:39Z ERR Register tunnel error from server side error="Unauthorized: Tunnel not found" connIndex=0 event=0 ip=2606:4700:a0::8
2026-09-18T10:50:39Z INF Retrying connection in up to 1m4s connIndex=0 event=0 ip=2606:4700:a0::8
2026-09-18T10:51:04Z INF Tunnel connection curve preferences: [X25519MLKEM768 CurveID(65074) CurveP256] connIndex=0 event=0 ip=2606:4700:a0::8
2026-09-18T10:51:04Z ERR Register tunnel error from server side error="Unauthorized: Tunnel not found" connIndex=0 event=0 ip=2606:4700:a0::8
2026-09-18T10:51:04Z INF Retrying connection in up to 1m4s connIndex=0 event=0 ip=2606:4700:a0::8
2026-09-18T10:51:10Z INF Tunnel connection curve preferences: [X25519MLKEM768 CurveID(65074) CurveP256] connIndex=0 event=0 ip=2606:4700:a0::8
2026-09-18T10:51:10Z ERR Register tunnel error from server side error="Unauthorized: Tunnel not found" connIndex=0 event=0 ip=2606:4700:a0::8
2026-09-18T10:51:10Z INF Retrying connection in up to 1m4s connIndex=0 event=0 ip=2606:4700:a0::8
2026-09-18T10:51:36Z INF Tunnel connection curve preferences: [X25519MLKEM768 CurveID(65074) CurveP256] connIndex=0 event=0 ip=2606:4700:a0::8
2026-09-18T10:51:37Z ERR Register tunnel error from server side error="Unauthorized: Tunnel not found" connIndex=0 event=0 ip=2606:4700:a0::8
2026-09-18T10:51:37Z INF Retrying connection in up to 1m4s connIndex=0 event=0 ip=2606:4700:a0::8
2026-09-18T10:51:53Z INF Tunnel connection curve preferences: [X25519MLKEM768 CurveID(65074) CurveP256] connIndex=0 event=0 ip=2606:4700:a0::8
2026-09-18T10:51:53Z ERR Register tunnel error from server side error="Unauthorized: Tunnel not found" connIndex=0 event=0 ip=2606:4700:a0::8
2026-09-18T10:51:53Z INF Retrying connection in up to 1m4s connIndex=0 event=0 ip=2606:4700:a0::8
2026-09-18T10:52:15Z INF Tunnel connection curve preferences: [X25519MLKEM768 CurveID(65074) CurveP256] connIndex=0 event=0 ip=2606:4700:a0::8
2026-09-18T10:52:15Z ERR Register tunnel error from server side error="Unauthorized: Tunnel not found" connIndex=0 event=0 ip=2606:4700:a0::8
2026-09-18T10:52:15Z INF Retrying connection in up to 1m4s connIndex=0 event=0 ip=2606:4700:a0::8
2026-09-18T10:52:24Z INF Tunnel connection curve preferences: [X25519MLKEM768 CurveID(65074) CurveP256] connIndex=0 event=0 ip=2606:4700:a0::8
2026-09-18T10:52:25Z ERR Register tunnel error from server side error="Unauthorized: Tunnel not found" connIndex=0 event=0 ip=2606:4700:a0::8
2026-09-18T10:52:25Z INF Retrying connection in up to 1m4s connIndex=0 event=0 ip=2606:4700:a0::8
2026-09-18T10:52:37Z INF Tunnel connection curve preferences: [X25519MLKEM768 CurveID(65074) CurveP256] connIndex=0 event=0 ip=2606:4700:a0::8
2026-09-18T10:52:37Z ERR Register tunnel error from server side error="Unauthorized: Tunnel not found" connIndex=0 event=0 ip=2606:4700:a0::8
2026-09-18T10:52:37Z INF Retrying connection in up to 1m4s connIndex=0 event=0 ip=2606:4700:a0::8
2026-09-18T10:53:07Z INF Tunnel connection curve preferences: [X25519MLKEM768 CurveID(65074) CurveP256] connIndex=0 event=0 ip=2606:4700:a0::8
2026-09-18T10:53:07Z ERR Register tunnel error from server side error="Unauthorized: Tunnel not found" connIndex=0 event=0 ip=2606:4700:a0::8
2026-09-18T10:53:07Z INF Retrying connection in up to 1m4s connIndex=0 event=0 ip=2606:4700:a0::8
2026-09-18T10:53:10Z INF Tunnel connection curve preferences: [X25519MLKEM768 CurveID(65074) CurveP256] connIndex=0 event=0 ip=2606:4700:a0::8
2026-09-18T10:53:11Z ERR Register tunnel error from server side error="Unauthorized: Tunnel not found" connIndex=0 event=0 ip=2606:4700:a0::8
2026-09-18T10:53:11Z INF Retrying connection in up to 1m4s connIndex=0 event=0 ip=2606:4700:a0::8
2026-09-18T10:53:21Z INF Tunnel connection curve preferences: [X25519MLKEM768 CurveID(65074) CurveP256] connIndex=0 event=0 ip=2606:4700:a0::8
2026-09-18T10:53:21Z ERR Register tunnel error from server side error="Unauthorized: Tunnel not found" connIndex=0 event=0 ip=2606:4700:a0::8
2026-09-18T10:53:21Z INF Retrying connection in up to 1m4s connIndex=0 event=0 ip=2606:4700:a0::8
2026-09-18T10:53:50Z INF Tunnel connection curve preferences: [X25519MLKEM768 CurveID(65074) CurveP256] connIndex=0 event=0 ip=2606:4700:a0::8
2026-09-18T10:53:50Z ERR Register tunnel error from server side error="Unauthorized: Tunnel not found" connIndex=0 event=0 ip=2606:4700:a0::8
2026-09-18T10:53:50Z INF Retrying connection in up to 1m4s connIndex=0 event=0 ip=2606:4700:a0::8
2026-09-18T10:54:08Z INF Tunnel connection curve preferences: [X25519MLKEM768 CurveID(65074) CurveP256] connIndex=0 event=0 ip=2606:4700:a0::8
2026-09-18T10:54:08Z ERR Register tunnel error from server side error="Unauthorized: Tunnel not found" connIndex=0 event=0 ip=2606:4700:a0::8
2026-09-18T10:54:08Z INF Retrying connection in up to 1m4s connIndex=0 event=0 ip=2606:4700:a0::8
2026-09-18T10:54:13Z INF Tunnel connection curve preferences: [X25519MLKEM768 CurveID(65074) CurveP256] connIndex=0 event=0 ip=2606:4700:a0::8
2026-09-18T10:54:13Z ERR Register tunnel error from server side error="Unauthorized: Tunnel not found" connIndex=0 event=0 ip=2606:4700:a0::8
2026-09-18T10:54:13Z INF Retrying connection in up to 1m4s connIndex=0 event=0 ip=2606:4700:a0::8
2026-09-18T10:54:28Z INF Tunnel connection curve preferences: [X25519MLKEM768 CurveID(65074) CurveP256] connIndex=0 event=0 ip=2606:4700:a0::8
2026-09-18T10:54:28Z ERR Register tunnel error from server side error="Unauthorized: Tunnel not found" connIndex=0 event=0 ip=2606:4700:a0::8
2026-09-18T10:54:28Z INF Retrying connection in up to 1m4s connIndex=0 event=0 ip=2606:4700:a0::8
2026-09-18T10:54:58Z INF Tunnel connection curve preferences: [X25519MLKEM768 CurveID(65074) CurveP256] connIndex=0 event=0 ip=2606:4700:a0::8
2026-09-18T10:54:58Z ERR Register tunnel error from server side error="Unauthorized: Tunnel not found" connIndex=0 event=0 ip=2606:4700:a0::8
2026-09-18T10:54:58Z INF Retrying connection in up to 1m4s connIndex=0 event=0 ip=2606:4700:a0::8
2026-09-18T10:55:05Z INF Tunnel connection curve preferences: [X25519MLKEM768 CurveID(65074) CurveP256] connIndex=0 event=0 ip=2606:4700:a0::8
2026-09-18T10:55:05Z ERR Register tunnel error from server side error="Unauthorized: Tunnel not found" connIndex=0 event=0 ip=2606:4700:a0::8
2026-09-18T10:55:05Z INF Retrying connection in up to 1m4s connIndex=0 event=0 ip=2606:4700:a0::8
2026-09-18T10:55:16Z INF Tunnel connection curve preferences: [X25519MLKEM768 CurveID(65074) CurveP256] connIndex=0 event=0 ip=2606:4700:a0::8
2026-09-18T10:55:16Z ERR Register tunnel error from server side error="Unauthorized: Tunnel not found" connIndex=0 event=0 ip=2606:4700:a0::8
2026-09-18T10:55:16Z INF Retrying connection in up to 1m4s connIndex=0 event=0 ip=2606:4700:a0::8
2026-09-18T10:55:23Z INF Tunnel connection curve preferences: [X25519MLKEM768 CurveID(65074) CurveP256] connIndex=0 event=0 ip=2606:4700:a0::8
2026-09-18T10:55:23Z ERR Register tunnel error from server side error="Unauthorized: Tunnel not found" connIndex=0 event=0 ip=2606:4700:a0::8
2026-09-18T10:55:23Z INF Retrying connection in up to 1m4s connIndex=0 event=0 ip=2606:4700:a0::8
2026-09-18T10:55:44Z INF Tunnel connection curve preferences: [X25519MLKEM768 CurveID(65074) CurveP256] connIndex=0 event=0 ip=2606:4700:a0::8
2026-09-18T10:55:44Z ERR Register tunnel error from server side error="Unauthorized: Tunnel not found" connIndex=0 event=0 ip=2606:4700:a0::8
2026-09-18T10:55:44Z INF Retrying connection in up to 1m4s connIndex=0 event=0 ip=2606:4700:a0::8
2026-09-18T10:55:47Z INF Tunnel connection curve preferences: [X25519MLKEM768 CurveID(65074) CurveP256] connIndex=0 event=0 ip=2606:4700:a0::8
2026-09-18T10:55:47Z ERR Register tunnel error from server side error="Unauthorized: Tunnel not found" connIndex=0 event=0 ip=2606:4700:a0::8
2026-09-18T10:55:47Z INF Retrying connection in up to 1m4s connIndex=0 event=0 ip=2606:4700:a0::8
2026-09-18T10:56:12Z INF Tunnel connection curve preferences: [X25519MLKEM768 CurveID(65074) CurveP256] connIndex=0 event=0 ip=2606:4700:a0::8
2026-09-18T10:56:12Z ERR Register tunnel error from server side error="Unauthorized: Tunnel not found" connIndex=0 event=0 ip=2606:4700:a0::8
2026-09-18T10:56:12Z INF Retrying connection in up to 1m4s connIndex=0 event=0 ip=2606:4700:a0::8
2026-09-18T10:56:42Z INF Tunnel connection curve preferences: [X25519MLKEM768 CurveID(65074) CurveP256] connIndex=0 event=0 ip=2606:4700:a0::8
2026-09-18T10:56:42Z ERR Register tunnel error from server side error="Unauthorized: Tunnel not found" connIndex=0 event=0 ip=2606:4700:a0::8
2026-09-18T10:56:42Z INF Retrying connection in up to 1m4s connIndex=0 event=0 ip=2606:4700:a0::8
2026-09-18T10:57:06Z INF Tunnel connection curve preferences: [X25519MLKEM768 CurveID(65074) CurveP256] connIndex=0 event=0 ip=2606:4700:a0::8
2026-09-18T10:57:06Z ERR Register tunnel error from server side error="Unauthorized: Tunnel not found" connIndex=0 event=0 ip=2606:4700:a0::8
2026-09-18T10:57:06Z INF Retrying connection in up to 1m4s connIndex=0 event=0 ip=2606:4700:a0::8
2026-09-18T10:57:36Z INF Tunnel connection curve preferences: [X25519MLKEM768 CurveID(65074) CurveP256] connIndex=0 event=0 ip=2606:4700:a0::8
2026-09-18T10:57:36Z ERR Register tunnel error from server side error="Unauthorized: Tunnel not found" connIndex=0 event=0 ip=2606:4700:a0::8
2026-09-18T10:57:36Z INF Retrying connection in up to 1m4s connIndex=0 event=0 ip=2606:4700:a0::8
2026-09-18T10:57:37Z INF Tunnel connection curve preferences: [X25519MLKEM768 CurveID(65074) CurveP256] connIndex=0 event=0 ip=2606:4700:a0::8
2026-09-18T10:57:37Z ERR Register tunnel error from server side error="Unauthorized: Tunnel not found" connIndex=0 event=0 ip=2606:4700:a0::8
2026-09-18T10:57:37Z INF Retrying connection in up to 1m4s connIndex=0 event=0 ip=2606:4700:a0::8
2026-09-18T10:58:03Z INF Tunnel connection curve preferences: [X25519MLKEM768 CurveID(65074) CurveP256] connIndex=0 event=0 ip=2606:4700:a0::8
2026-09-18T10:58:03Z ERR Register tunnel error from server side error="Unauthorized: Tunnel not found" connIndex=0 event=0 ip=2606:4700:a0::8
2026-09-18T10:58:03Z INF Retrying connection in up to 1m4s connIndex=0 event=0 ip=2606:4700:a0::8
2026-09-18T10:58:29Z INF Tunnel connection curve preferences: [X25519MLKEM768 CurveID(65074) CurveP256] connIndex=0 event=0 ip=2606:4700:a0::8
2026-09-18T10:58:29Z ERR Register tunnel error from server side error="Unauthorized: Tunnel not found" connIndex=0 event=0 ip=2606:4700:a0::8
2026-09-18T10:58:29Z INF Retrying connection in up to 1m4s connIndex=0 event=0 ip=2606:4700:a0::8
2026-09-18T10:58:30Z INF Tunnel connection curve preferences: [X25519MLKEM768 CurveID(65074) CurveP256] connIndex=0 event=0 ip=2606:4700:a0::8
2026-09-18T10:58:30Z ERR Register tunnel error from server side error="Unauthorized: Tunnel not found" connIndex=0 event=0 ip=2606:4700:a0::8
2026-09-18T10:58:30Z INF Retrying connection in up to 1m4s connIndex=0 event=0 ip=2606:4700:a0::8
2026-09-18T10:58:38Z INF Tunnel connection curve preferences: [X25519MLKEM768 CurveID(65074) CurveP256] connIndex=0 event=0 ip=2606:4700:a0::8
2026-09-18T10:58:38Z ERR Register tunnel error from server side error="Unauthorized: Tunnel not found" connIndex=0 event=0 ip=2606:4700:a0::8
2026-09-18T10:58:38Z INF Retrying connection in up to 1m4s connIndex=0 event=0 ip=2606:4700:a0::8
2026-09-18T10:58:58Z INF Tunnel connection curve preferences: [X25519MLKEM768 CurveID(65074) CurveP256] connIndex=0 event=0 ip=2606:4700:a0::8
2026-09-18T10:58:58Z ERR Register tunnel error from server side error="Unauthorized: Tunnel not found" connIndex=0 event=0 ip=2606:4700:a0::8
2026-09-18T10:58:58Z INF Retrying connection in up to 1m4s connIndex=0 event=0 ip=2606:4700:a0::8
2026-09-18T10:59:29Z INF Tunnel connection curve preferences: [X25519MLKEM768 CurveID(65074) CurveP256] connIndex=0 event=0 ip=2606:4700:a0::8
2026-09-18T10:59:29Z ERR Register tunnel error from server side error="Unauthorized: Tunnel not found" connIndex=0 event=0 ip=2606:4700:a0::8
2026-09-18T10:59:29Z INF Retrying connection in up to 1m4s connIndex=0 event=0 ip=2606:4700:a0::8
2026-09-18T10:59:32Z INF Tunnel connection curve preferences: [X25519MLKEM768 CurveID(65074) CurveP256] connIndex=0 event=0 ip=2606:4700:a0::8
2026-09-18T10:59:32Z ERR Register tunnel error from server side error="Unauthorized: Tunnel not found" connIndex=0 event=0 ip=2606:4700:a0::8
2026-09-18T10:59:32Z INF Retrying connection in up to 1m4s connIndex=0 event=0 ip=2606:4700:a0::8
2026-09-18T10:59:45Z INF Tunnel connection curve preferences: [X25519MLKEM768 CurveID(65074) CurveP256] connIndex=0 event=0 ip=2606:4700:a0::8
2026-09-18T10:59:45Z ERR Register tunnel error from server side error="Unauthorized: Tunnel not found" connIndex=0 event=0 ip=2606:4700:a0::8
2026-09-18T10:59:45Z INF Retrying connection in up to 1m4s connIndex=0 event=0 ip=2606:4700:a0::8
2026-09-18T10:59:51Z INF Tunnel connection curve preferences: [X25519MLKEM768 CurveID(65074) CurveP256] connIndex=0 event=0 ip=2606:4700:a0::8
2026-09-18T10:59:52Z ERR Register tunnel error from server side error="Unauthorized: Tunnel not found" connIndex=0 event=0 ip=2606:4700:a0::8
2026-09-18T10:59:52Z INF Retrying connection in up to 1m4s connIndex=0 event=0 ip=2606:4700:a0::8
2026-09-18T11:00:24Z INF Tunnel connection curve preferences: [X25519MLKEM768 CurveID(65074) CurveP256] connIndex=0 event=0 ip=2606:4700:a0::8
2026-09-18T11:00:24Z ERR Register tunnel error from server side error="Unauthorized: Tunnel not found" connIndex=0 event=0 ip=2606:4700:a0::8
2026-09-18T11:00:24Z INF Retrying connection in up to 1m4s connIndex=0 event=0 ip=2606:4700:a0::8
2026-09-18T11:00:53Z INF Tunnel connection curve preferences: [X25519MLKEM768 CurveID(65074) CurveP256] connIndex=0 event=0 ip=2606:4700:a0::8
2026-09-18T11:00:54Z ERR Register tunnel error from server side error="Unauthorized: Tunnel not found" connIndex=0 event=0 ip=2606:4700:a0::8
2026-09-18T11:00:54Z INF Retrying connection in up to 1m4s connIndex=0 event=0 ip=2606:4700:a0::8
2026-09-18T11:01:01Z INF Tunnel connection curve preferences: [X25519MLKEM768 CurveID(65074) CurveP256] connIndex=0 event=0 ip=2606:4700:a0::8
2026-09-18T11:01:02Z ERR Register tunnel error from server side error="Unauthorized: Tunnel not found" connIndex=0 event=0 ip=2606:4700:a0::8
2026-09-18T11:01:02Z INF Retrying connection in up to 1m4s connIndex=0 event=0 ip=2606:4700:a0::8
2026-09-18T11:01:17Z INF Tunnel connection curve preferences: [X25519MLKEM768 CurveID(65074) CurveP256] connIndex=0 event=0 ip=2606:4700:a0::8
2026-09-18T11:01:17Z ERR Register tunnel error from server side error="Unauthorized: Tunnel not found" connIndex=0 event=0 ip=2606:4700:a0::8
2026-09-18T11:01:17Z INF Retrying connection in up to 1m4s connIndex=0 event=0 ip=2606:4700:a0::8
2026-09-18T11:01:18Z INF Tunnel connection curve preferences: [X25519MLKEM768 CurveID(65074) CurveP256] connIndex=0 event=0 ip=2606:4700:a0::8
2026-09-18T11:01:18Z ERR Register tunnel error from server side error="Unauthorized: Tunnel not found" connIndex=0 event=0 ip=2606:4700:a0::8
2026-09-18T11:01:18Z INF Retrying connection in up to 1m4s connIndex=0 event=0 ip=2606:4700:a0::8
2026-09-18T11:01:22Z INF Tunnel connection curve preferences: [X25519MLKEM768 CurveID(65074) CurveP256] connIndex=0 event=0 ip=2606:4700:a0::8
2026-09-18T11:01:22Z ERR Register tunnel error from server side error="Unauthorized: Tunnel not found" connIndex=0 event=0 ip=2606:4700:a0::8
2026-09-18T11:01:22Z INF Retrying connection in up to 1m4s connIndex=0 event=0 ip=2606:4700:a0::8
2026-09-18T11:01:23Z INF Tunnel connection curve preferences: [X25519MLKEM768 CurveID(65074) CurveP256] connIndex=0 event=0 ip=2606:4700:a0::8
2026-09-18T11:01:23Z ERR Register tunnel error from server side error="Unauthorized: Tunnel not found" connIndex=0 event=0 ip=2606:4700:a0::8
2026-09-18T11:01:23Z INF Retrying connection in up to 1m4s connIndex=0 event=0 ip=2606:4700:a0::8
2026-09-18T11:01:39Z INF Tunnel connection curve preferences: [X25519MLKEM768 CurveID(65074) CurveP256] connIndex=0 event=0 ip=2606:4700:a0::8
2026-09-18T11:01:39Z ERR Register tunnel error from server side error="Unauthorized: Tunnel not found" connIndex=0 event=0 ip=2606:4700:a0::8
2026-09-18T11:01:39Z INF Retrying connection in up to 1m4s connIndex=0 event=0 ip=2606:4700:a0::8
2026-09-18T11:01:46Z INF Tunnel connection curve preferences: [X25519MLKEM768 CurveID(65074) CurveP256] connIndex=0 event=0 ip=2606:4700:a0::8
2026-09-18T11:01:46Z ERR Register tunnel error from server side error="Unauthorized: Tunnel not found" connIndex=0 event=0 ip=2606:4700:a0::8
2026-09-18T11:01:46Z INF Retrying connection in up to 1m4s connIndex=0 event=0 ip=2606:4700:a0::8
2026-09-18T11:02:10Z INF Tunnel connection curve preferences: [X25519MLKEM768 CurveID(65074) CurveP256] connIndex=0 event=0 ip=2606:4700:a0::8
2026-09-18T11:02:10Z ERR Register tunnel error from server side error="Unauthorized: Tunnel not found" connIndex=0 event=0 ip=2606:4700:a0::8
2026-09-18T11:02:10Z INF Retrying connection in up to 1m4s connIndex=0 event=0 ip=2606:4700:a0::8
2026-09-18T11:02:31Z INF Tunnel connection curve preferences: [X25519MLKEM768 CurveID(65074) CurveP256] connIndex=0 event=0 ip=2606:4700:a0::8
2026-09-18T11:02:31Z ERR Register tunnel error from server side error="Unauthorized: Tunnel not found" connIndex=0 event=0 ip=2606:4700:a0::8
2026-09-18T11:02:31Z INF Retrying connection in up to 1m4s connIndex=0 event=0 ip=2606:4700:a0::8
2026-09-18T11:02:42Z INF Tunnel connection curve preferences: [X25519MLKEM768 CurveID(65074) CurveP256] connIndex=0 event=0 ip=2606:4700:a0::8
2026-09-18T11:02:43Z ERR Register tunnel error from server side error="Unauthorized: Tunnel not found" connIndex=0 event=0 ip=2606:4700:a0::8
2026-09-18T11:02:43Z INF Retrying connection in up to 1m4s connIndex=0 event=0 ip=2606:4700:a0::8
2026-09-18T11:02:45Z INF Tunnel connection curve preferences: [X25519MLKEM768 CurveID(65074) CurveP256] connIndex=0 event=0 ip=2606:4700:a0::8
2026-09-18T11:02:45Z ERR Register tunnel error from server side error="Unauthorized: Tunnel not found" connIndex=0 event=0 ip=2606:4700:a0::8
2026-09-18T11:02:45Z INF Retrying connection in up to 1m4s connIndex=0 event=0 ip=2606:4700:a0::8
2026-09-18T11:03:15Z INF Tunnel connection curve preferences: [X25519MLKEM768 CurveID(65074) CurveP256] connIndex=0 event=0 ip=2606:4700:a0::8
2026-09-18T11:03:15Z ERR Register tunnel error from server side error="Unauthorized: Tunnel not found" connIndex=0 event=0 ip=2606:4700:a0::8
2026-09-18T11:03:15Z INF Retrying connection in up to 1m4s connIndex=0 event=0 ip=2606:4700:a0::8
2026-09-18T11:03:41Z INF Tunnel connection curve preferences: [X25519MLKEM768 CurveID(65074) CurveP256] connIndex=0 event=0 ip=2606:4700:a0::8
2026-09-18T11:03:41Z ERR Register tunnel error from server side error="Unauthorized: Tunnel not found" connIndex=0 event=0 ip=2606:4700:a0::8
2026-09-18T11:03:41Z INF Retrying connection in up to 1m4s connIndex=0 event=0 ip=2606:4700:a0::8
2026-09-18T11:03:58Z INF Tunnel connection curve preferences: [X25519MLKEM768 CurveID(65074) CurveP256] connIndex=0 event=0 ip=2606:4700:a0::8
2026-09-18T11:03:58Z ERR Register tunnel error from server side error="Unauthorized: Tunnel not found" connIndex=0 event=0 ip=2606:4700:a0::8
2026-09-18T11:03:58Z INF Retrying connection in up to 1m4s connIndex=0 event=0 ip=2606:4700:a0::8
2026-09-18T11:04:21Z INF Tunnel connection curve preferences: [X25519MLKEM768 CurveID(65074) CurveP256] connIndex=0 event=0 ip=2606:4700:a0::8
2026-09-18T11:04:21Z ERR Register tunnel error from server side error="Unauthorized: Tunnel not found" connIndex=0 event=0 ip=2606:4700:a0::8
2026-09-18T11:04:21Z INF Retrying connection in up to 1m4s connIndex=0 event=0 ip=2606:4700:a0::8
2026-09-18T11:04:50Z INF Tunnel connection curve preferences: [X25519MLKEM768 CurveID(65074) CurveP256] connIndex=0 event=0 ip=2606:4700:a0::8
2026-09-18T11:04:50Z ERR Register tunnel error from server side error="Unauthorized: Tunnel not found" connIndex=0 event=0 ip=2606:4700:a0::8
2026-09-18T11:04:50Z INF Retrying connection in up to 1m4s connIndex=0 event=0 ip=2606:4700:a0::8
2026-09-18T11:04:54Z INF Tunnel connection curve preferences: [X25519MLKEM768 CurveID(65074) CurveP256] connIndex=0 event=0 ip=2606:4700:a0::8
2026-09-18T11:04:54Z ERR Register tunnel error from server side error="Unauthorized: Tunnel not found" connIndex=0 event=0 ip=2606:4700:a0::8
2026-09-18T11:04:54Z INF Retrying connection in up to 1m4s connIndex=0 event=0 ip=2606:4700:a0::8
2026-09-18T11:05:15Z INF Tunnel connection curve preferences: [X25519MLKEM768 CurveID(65074) CurveP256] connIndex=0 event=0 ip=2606:4700:a0::8
2026-09-18T11:05:15Z ERR Register tunnel error from server side error="Unauthorized: Tunnel not found" connIndex=0 event=0 ip=2606:4700:a0::8
2026-09-18T11:05:15Z INF Retrying connection in up to 1m4s connIndex=0 event=0 ip=2606:4700:a0::8
2026-09-18T11:05:16Z INF Tunnel connection curve preferences: [X25519MLKEM768 CurveID(65074) CurveP256] connIndex=0 event=0 ip=2606:4700:a0::8
2026-09-18T11:05:16Z ERR Register tunnel error from server side error="Unauthorized: Tunnel not found" connIndex=0 event=0 ip=2606:4700:a0::8
2026-09-18T11:05:16Z INF Retrying connection in up to 1m4s connIndex=0 event=0 ip=2606:4700:a0::8
2026-09-18T11:05:20Z INF Tunnel connection curve preferences: [X25519MLKEM768 CurveID(65074) CurveP256] connIndex=0 event=0 ip=2606:4700:a0::8
2026-09-18T11:05:20Z ERR Register tunnel error from server side error="Unauthorized: Tunnel not found" connIndex=0 event=0 ip=2606:4700:a0::8
2026-09-18T11:05:20Z INF Retrying connection in up to 1m4s connIndex=0 event=0 ip=2606:4700:a0::8
2026-09-18T11:05:22Z INF Tunnel connection curve preferences: [X25519MLKEM768 CurveID(65074) CurveP256] connIndex=0 event=0 ip=2606:4700:a0::8
2026-09-18T11:05:22Z ERR Register tunnel error from server side error="Unauthorized: Tunnel not found" connIndex=0 event=0 ip=2606:4700:a0::8
2026-09-18T11:05:22Z INF Retrying connection in up to 1m4s connIndex=0 event=0 ip=2606:4700:a0::8
2026-09-18T11:05:35Z INF Tunnel connection curve preferences: [X25519MLKEM768 CurveID(65074) CurveP256] connIndex=0 event=0 ip=2606:4700:a0::8
2026-09-18T11:05:36Z ERR Register tunnel error from server side error="Unauthorized: Tunnel not found" connIndex=0 event=0 ip=2606:4700:a0::8
2026-09-18T11:05:36Z INF Retrying connection in up to 1m4s connIndex=0 event=0 ip=2606:4700:a0::8
2026-09-18T11:05:59Z INF Tunnel connection curve preferences: [X25519MLKEM768 CurveID(65074) CurveP256] connIndex=0 event=0 ip=2606:4700:a0::8
2026-09-18T11:05:59Z ERR Register tunnel error from server side error="Unauthorized: Tunnel not found" connIndex=0 event=0 ip=2606:4700:a0::8
2026-09-18T11:05:59Z INF Retrying connection in up to 1m4s connIndex=0 event=0 ip=2606:4700:a0::8
2026-09-18T11:06:29Z INF Tunnel connection curve preferences: [X25519MLKEM768 CurveID(65074) CurveP256] connIndex=0 event=0 ip=2606:4700:a0::8
2026-09-18T11:06:29Z ERR Register tunnel error from server side error="Unauthorized: Tunnel not found" connIndex=0 event=0 ip=2606:4700:a0::8
2026-09-18T11:06:29Z INF Retrying connection in up to 1m4s connIndex=0 event=0 ip=2606:4700:a0::8
2026-09-18T11:06:29Z INF Tunnel connection curve preferences: [X25519MLKEM768 CurveID(65074) CurveP256] connIndex=0 event=0 ip=2606:4700:a0::8
2026-09-18T11:06:29Z ERR Register tunnel error from server side error="Unauthorized: Tunnel not found" connIndex=0 event=0 ip=2606:4700:a0::8
2026-09-18T11:06:29Z INF Retrying connection in up to 1m4s connIndex=0 event=0 ip=2606:4700:a0::8
2026-09-18T11:06:47Z INF Tunnel connection curve preferences: [X25519MLKEM768 CurveID(65074) CurveP256] connIndex=0 event=0 ip=2606:4700:a0::8
2026-09-18T11:06:47Z ERR Register tunnel error from server side error="Unauthorized: Tunnel not found" connIndex=0 event=0 ip=2606:4700:a0::8
2026-09-18T11:06:47Z INF Retrying connection in up to 1m4s connIndex=0 event=0 ip=2606:4700:a0::8
2026-09-18T11:07:12Z INF Tunnel connection curve preferences: [X25519MLKEM768 CurveID(65074) CurveP256] connIndex=0 event=0 ip=2606:4700:a0::8
2026-09-18T11:07:12Z ERR Register tunnel error from server side error="Unauthorized: Tunnel not found" connIndex=0 event=0 ip=2606:4700:a0::8
2026-09-18T11:07:12Z INF Retrying connection in up to 1m4s connIndex=0 event=0 ip=2606:4700:a0::8
2026-09-18T11:07:36Z INF Tunnel connection curve preferences: [X25519MLKEM768 CurveID(65074) CurveP256] connIndex=0 event=0 ip=2606:4700:a0::8
2026-09-18T11:07:36Z ERR Register tunnel error from server side error="Unauthorized: Tunnel not found" connIndex=0 event=0 ip=2606:4700:a0::8
2026-09-18T11:07:36Z INF Retrying connection in up to 1m4s connIndex=0 event=0 ip=2606:4700:a0::8
2026-09-18T11:08:05Z INF Tunnel connection curve preferences: [X25519MLKEM768 CurveID(65074) CurveP256] connIndex=0 event=0 ip=2606:4700:a0::8
2026-09-18T11:08:05Z ERR Register tunnel error from server side error="Unauthorized: Tunnel not found" connIndex=0 event=0 ip=2606:4700:a0::8
2026-09-18T11:08:05Z INF Retrying connection in up to 1m4s connIndex=0 event=0 ip=2606:4700:a0::8
2026-09-18T11:08:16Z INF Tunnel connection curve preferences: [X25519MLKEM768 CurveID(65074) CurveP256] connIndex=0 event=0 ip=2606:4700:a0::8
2026-09-18T11:08:16Z ERR Register tunnel error from server side error="Unauthorized: Tunnel not found" connIndex=0 event=0 ip=2606:4700:a0::8
2026-09-18T11:08:16Z INF Retrying connection in up to 1m4s connIndex=0 event=0 ip=2606:4700:a0::8
2026-09-18T11:08:23Z INF Tunnel connection curve preferences: [X25519MLKEM768 CurveID(65074) CurveP256] connIndex=0 event=0 ip=2606:4700:a0::8
2026-09-18T11:08:23Z ERR Register tunnel error from server side error="Unauthorized: Tunnel not found" connIndex=0 event=0 ip=2606:4700:a0::8
2026-09-18T11:08:23Z INF Retrying connection in up to 1m4s connIndex=0 event=0 ip=2606:4700:a0::8
2026-09-18T11:08:39Z INF Tunnel connection curve preferences: [X25519MLKEM768 CurveID(65074) CurveP256] connIndex=0 event=0 ip=2606:4700:a0::8
2026-09-18T11:08:39Z ERR Register tunnel error from server side error="Unauthorized: Tunnel not found" connIndex=0 event=0 ip=2606:4700:a0::8
2026-09-18T11:08:39Z INF Retrying connection in up to 1m4s connIndex=0 event=0 ip=2606:4700:a0::8
2026-09-18T11:09:00Z INF Tunnel connection curve preferences: [X25519MLKEM768 CurveID(65074) CurveP256] connIndex=0 event=0 ip=2606:4700:a0::8
2026-09-18T11:09:00Z ERR Register tunnel error from server side error="Unauthorized: Tunnel not found" connIndex=0 event=0 ip=2606:4700:a0::8
2026-09-18T11:09:00Z INF Retrying connection in up to 1m4s connIndex=0 event=0 ip=2606:4700:a0::8
2026-09-18T11:09:17Z INF Tunnel connection curve preferences: [X25519MLKEM768 CurveID(65074) CurveP256] connIndex=0 event=0 ip=2606:4700:a0::8
2026-09-18T11:09:17Z ERR Register tunnel error from server side error="Unauthorized: Tunnel not found" connIndex=0 event=0 ip=2606:4700:a0::8
2026-09-18T11:09:17Z INF Retrying connection in up to 1m4s connIndex=0 event=0 ip=2606:4700:a0::8
2026-09-18T11:09:46Z INF Tunnel connection curve preferences: [X25519MLKEM768 CurveID(65074) CurveP256] connIndex=0 event=0 ip=2606:4700:a0::8
2026-09-18T11:09:47Z ERR Register tunnel error from server side error="Unauthorized: Tunnel not found" connIndex=0 event=0 ip=2606:4700:a0::8
2026-09-18T11:09:47Z INF Retrying connection in up to 1m4s connIndex=0 event=0 ip=2606:4700:a0::8
2026-09-18T11:10:17Z INF Tunnel connection curve preferences: [X25519MLKEM768 CurveID(65074) CurveP256] connIndex=0 event=0 ip=2606:4700:a0::8
2026-09-18T11:10:17Z ERR Register tunnel error from server side error="Unauthorized: Tunnel not found" connIndex=0 event=0 ip=2606:4700:a0::8
2026-09-18T11:10:17Z INF Retrying connection in up to 1m4s connIndex=0 event=0 ip=2606:4700:a0::8
2026-09-18T11:10:41Z INF Tunnel connection curve preferences: [X25519MLKEM768 CurveID(65074) CurveP256] connIndex=0 event=0 ip=2606:4700:a0::8
2026-09-18T11:10:42Z ERR Register tunnel error from server side error="Unauthorized: Tunnel not found" connIndex=0 event=0 ip=2606:4700:a0::8
2026-09-18T11:10:42Z INF Retrying connection in up to 1m4s connIndex=0 event=0 ip=2606:4700:a0::8
2026-09-18T11:10:55Z INF Tunnel connection curve preferences: [X25519MLKEM768 CurveID(65074) CurveP256] connIndex=0 event=0 ip=2606:4700:a0::8
2026-09-18T11:10:55Z ERR Register tunnel error from server side error="Unauthorized: Tunnel not found" connIndex=0 event=0 ip=2606:4700:a0::8
2026-09-18T11:10:55Z INF Retrying connection in up to 1m4s connIndex=0 event=0 ip=2606:4700:a0::8
2026-09-18T11:11:21Z INF Tunnel connection curve preferences: [X25519MLKEM768 CurveID(65074) CurveP256] connIndex=0 event=0 ip=2606:4700:a0::8
2026-09-18T11:11:21Z ERR Register tunnel error from server side error="Unauthorized: Tunnel not found" connIndex=0 event=0 ip=2606:4700:a0::8
2026-09-18T11:11:21Z INF Retrying connection in up to 1m4s connIndex=0 event=0 ip=2606:4700:a0::8
2026-09-18T11:45:44Z INF Tunnel connection curve preferences: [X25519MLKEM768 CurveID(65074) CurveP256] connIndex=0 event=0 ip=2606:4700:a0::8
2026-09-18T11:45:44Z ERR Register tunnel error from server side error="Unauthorized: Tunnel not found" connIndex=0 event=0 ip=2606:4700:a0::8
2026-09-18T11:45:44Z INF Retrying connection in up to 1m4s connIndex=0 event=0 ip=2606:4700:a0::8
2026-09-18T11:45:59Z INF Tunnel connection curve preferences: [X25519MLKEM768 CurveID(65074) CurveP256] connIndex=0 event=0 ip=2606:4700:a0::8
2026-09-18T11:45:59Z ERR Register tunnel error from server side error="Unauthorized: Tunnel not found" connIndex=0 event=0 ip=2606:4700:a0::8
2026-09-18T11:45:59Z INF Retrying connection in up to 1m4s connIndex=0 event=0 ip=2606:4700:a0::8
2026-09-18T11:46:00Z INF Tunnel connection curve preferences: [X25519MLKEM768 CurveID(65074) CurveP256] connIndex=0 event=0 ip=2606:4700:a0::8
2026-09-18T11:46:00Z ERR Register tunnel error from server side error="Unauthorized: Tunnel not found" connIndex=0 event=0 ip=2606:4700:a0::8
2026-09-18T11:46:00Z INF Retrying connection in up to 1m4s connIndex=0 event=0 ip=2606:4700:a0::8
2026-09-18T11:46:11Z INF Tunnel connection curve preferences: [X25519MLKEM768 CurveID(65074) CurveP256] connIndex=0 event=0 ip=2606:4700:a0::8
2026-09-18T11:46:11Z ERR Register tunnel error from server side error="Unauthorized: Tunnel not found" connIndex=0 event=0 ip=2606:4700:a0::8
2026-09-18T11:46:11Z INF Retrying connection in up to 1m4s connIndex=0 event=0 ip=2606:4700:a0::8
2026-09-18T11:46:34Z INF Tunnel connection curve preferences: [X25519MLKEM768 CurveID(65074) CurveP256] connIndex=0 event=0 ip=2606:4700:a0::8
2026-09-18T11:46:34Z ERR Register tunnel error from server side error="Unauthorized: Tunnel not found" connIndex=0 event=0 ip=2606:4700:a0::8
2026-09-18T11:46:34Z INF Retrying connection in up to 1m4s connIndex=0 event=0 ip=2606:4700:a0::8
2026-09-18T11:46:47Z INF Tunnel connection curve preferences: [X25519MLKEM768 CurveID(65074) CurveP256] connIndex=0 event=0 ip=2606:4700:a0::8
2026-09-18T11:46:47Z ERR Register tunnel error from server side error="Unauthorized: Tunnel not found" connIndex=0 event=0 ip=2606:4700:a0::8
2026-09-18T11:46:47Z INF Retrying connection in up to 1m4s connIndex=0 event=0 ip=2606:4700:a0::8
2026-09-18T11:46:50Z INF Tunnel connection curve preferences: [X25519MLKEM768 CurveID(65074) CurveP256] connIndex=0 event=0 ip=2606:4700:a0::8
2026-09-18T11:46:50Z ERR Register tunnel error from server side error="Unauthorized: Tunnel not found" connIndex=0 event=0 ip=2606:4700:a0::8
2026-09-18T11:46:50Z INF Retrying connection in up to 1m4s connIndex=0 event=0 ip=2606:4700:a0::8
2026-09-18T11:46:53Z INF Tunnel connection curve preferences: [X25519MLKEM768 CurveID(65074) CurveP256] connIndex=0 event=0 ip=2606:4700:a0::8
2026-09-18T11:46:53Z ERR Register tunnel error from server side error="Unauthorized: Tunnel not found" connIndex=0 event=0 ip=2606:4700:a0::8
2026-09-18T11:46:53Z INF Retrying connection in up to 1m4s connIndex=0 event=0 ip=2606:4700:a0::8
2026-09-18T11:47:21Z INF Tunnel connection curve preferences: [X25519MLKEM768 CurveID(65074) CurveP256] connIndex=0 event=0 ip=2606:4700:a0::8
2026-09-18T11:47:21Z ERR Register tunnel error from server side error="Unauthorized: Tunnel not found" connIndex=0 event=0 ip=2606:4700:a0::8
2026-09-18T11:47:21Z INF Retrying connection in up to 1m4s connIndex=0 event=0 ip=2606:4700:a0::8
2026-09-18T11:47:30Z INF Tunnel connection curve preferences: [X25519MLKEM768 CurveID(65074) CurveP256] connIndex=0 event=0 ip=2606:4700:a0::8
2026-09-18T11:47:30Z ERR Register tunnel error from server side error="Unauthorized: Tunnel not found" connIndex=0 event=0 ip=2606:4700:a0::8
2026-09-18T11:47:30Z INF Retrying connection in up to 1m4s connIndex=0 event=0 ip=2606:4700:a0::8
2026-09-18T11:47:37Z INF Tunnel connection curve preferences: [X25519MLKEM768 CurveID(65074) CurveP256] connIndex=0 event=0 ip=2606:4700:a0::8
2026-09-18T11:47:37Z ERR Register tunnel error from server side error="Unauthorized: Tunnel not found" connIndex=0 event=0 ip=2606:4700:a0::8
2026-09-18T11:47:37Z INF Retrying connection in up to 1m4s connIndex=0 event=0 ip=2606:4700:a0::8
2026-09-18T11:48:05Z INF Tunnel connection curve preferences: [X25519MLKEM768 CurveID(65074) CurveP256] connIndex=0 event=0 ip=2606:4700:a0::8
2026-09-18T11:48:05Z ERR Register tunnel error from server side error="Unauthorized: Tunnel not found" connIndex=0 event=0 ip=2606:4700:a0::8
2026-09-18T11:48:05Z INF Retrying connection in up to 1m4s connIndex=0 event=0 ip=2606:4700:a0::8
2026-09-18T11:48:30Z INF Tunnel connection curve preferences: [X25519MLKEM768 CurveID(65074) CurveP256] connIndex=0 event=0 ip=2606:4700:a0::8
2026-09-18T11:48:30Z ERR Register tunnel error from server side error="Unauthorized: Tunnel not found" connIndex=0 event=0 ip=2606:4700:a0::8
2026-09-18T11:48:30Z INF Retrying connection in up to 1m4s connIndex=0 event=0 ip=2606:4700:a0::8
2026-09-18T11:48:53Z INF Tunnel connection curve preferences: [X25519MLKEM768 CurveID(65074) CurveP256] connIndex=0 event=0 ip=2606:4700:a0::8
2026-09-18T11:48:53Z ERR Register tunnel error from server side error="Unauthorized: Tunnel not found" connIndex=0 event=0 ip=2606:4700:a0::8
2026-09-18T11:48:53Z INF Retrying connection in up to 1m4s connIndex=0 event=0 ip=2606:4700:a0::8
2026-09-18T11:49:12Z INF Tunnel connection curve preferences: [X25519MLKEM768 CurveID(65074) CurveP256] connIndex=0 event=0 ip=2606:4700:a0::8
2026-09-18T11:49:12Z ERR Register tunnel error from server side error="Unauthorized: Tunnel not found" connIndex=0 event=0 ip=2606:4700:a0::8
2026-09-18T11:49:12Z INF Retrying connection in up to 1m4s connIndex=0 event=0 ip=2606:4700:a0::8
2026-09-18T11:49:29Z INF Tunnel connection curve preferences: [X25519MLKEM768 CurveID(65074) CurveP256] connIndex=0 event=0 ip=2606:4700:a0::8
2026-09-18T11:49:29Z ERR Register tunnel error from server side error="Unauthorized: Tunnel not found" connIndex=0 event=0 ip=2606:4700:a0::8
2026-09-18T11:49:29Z INF Retrying connection in up to 1m4s connIndex=0 event=0 ip=2606:4700:a0::8
2026-09-18T11:49:41Z INF Tunnel connection curve preferences: [X25519MLKEM768 CurveID(65074) CurveP256] connIndex=0 event=0 ip=2606:4700:a0::8
2026-09-18T11:49:41Z ERR Register tunnel error from server side error="Unauthorized: Tunnel not found" connIndex=0 event=0 ip=2606:4700:a0::8
2026-09-18T11:49:41Z INF Retrying connection in up to 1m4s connIndex=0 event=0 ip=2606:4700:a0::8
2026-09-18T11:49:43Z INF Tunnel connection curve preferences: [X25519MLKEM768 CurveID(65074) CurveP256] connIndex=0 event=0 ip=2606:4700:a0::8
2026-09-18T11:49:43Z ERR Register tunnel error from server side error="Unauthorized: Tunnel not found" connIndex=0 event=0 ip=2606:4700:a0::8
2026-09-18T11:49:43Z INF Retrying connection in up to 1m4s connIndex=0 event=0 ip=2606:4700:a0::8
2026-09-18T11:50:04Z INF Tunnel connection curve preferences: [X25519MLKEM768 CurveID(65074) CurveP256] connIndex=0 event=0 ip=2606:4700:a0::8
2026-09-18T11:50:04Z ERR Register tunnel error from server side error="Unauthorized: Tunnel not found" connIndex=0 event=0 ip=2606:4700:a0::8
2026-09-18T11:50:04Z INF Retrying connection in up to 1m4s connIndex=0 event=0 ip=2606:4700:a0::8
2026-09-18T11:50:04Z INF Tunnel connection curve preferences: [X25519MLKEM768 CurveID(65074) CurveP256] connIndex=0 event=0 ip=2606:4700:a0::8
2026-09-18T11:50:04Z ERR Register tunnel error from server side error="Unauthorized: Tunnel not found" connIndex=0 event=0 ip=2606:4700:a0::8
2026-09-18T11:50:04Z INF Retrying connection in up to 1m4s connIndex=0 event=0 ip=2606:4700:a0::8
2026-09-18T11:50:26Z INF Tunnel connection curve preferences: [X25519MLKEM768 CurveID(65074) CurveP256] connIndex=0 event=0 ip=2606:4700:a0::8
2026-09-18T11:50:26Z ERR Register tunnel error from server side error="Unauthorized: Tunnel not found" connIndex=0 event=0 ip=2606:4700:a0::8
2026-09-18T11:50:26Z INF Retrying connection in up to 1m4s connIndex=0 event=0 ip=2606:4700:a0::8
2026-09-18T11:50:26Z INF Tunnel connection curve preferences: [X25519MLKEM768 CurveID(65074) CurveP256] connIndex=0 event=0 ip=2606:4700:a0::8
2026-09-18T11:50:26Z ERR Register tunnel error from server side error="Unauthorized: Tunnel not found" connIndex=0 event=0 ip=2606:4700:a0::8
2026-09-18T11:50:26Z INF Retrying connection in up to 1m4s connIndex=0 event=0 ip=2606:4700:a0::8
2026-09-18T11:50:49Z INF Tunnel connection curve preferences: [X25519MLKEM768 CurveID(65074) CurveP256] connIndex=0 event=0 ip=2606:4700:a0::8
2026-09-18T11:50:50Z ERR Register tunnel error from server side error="Unauthorized: Tunnel not found" connIndex=0 event=0 ip=2606:4700:a0::8
2026-09-18T11:50:50Z INF Retrying connection in up to 1m4s connIndex=0 event=0 ip=2606:4700:a0::8
2026-09-18T11:51:11Z INF Tunnel connection curve preferences: [X25519MLKEM768 CurveID(65074) CurveP256] connIndex=0 event=0 ip=2606:4700:a0::8
2026-09-18T11:51:11Z ERR Register tunnel error from server side error="Unauthorized: Tunnel not found" connIndex=0 event=0 ip=2606:4700:a0::8
2026-09-18T11:51:11Z INF Retrying connection in up to 1m4s connIndex=0 event=0 ip=2606:4700:a0::8
2026-09-18T11:51:24Z INF Tunnel connection curve preferences: [X25519MLKEM768 CurveID(65074) CurveP256] connIndex=0 event=0 ip=2606:4700:a0::8
2026-09-18T11:51:24Z ERR Register tunnel error from server side error="Unauthorized: Tunnel not found" connIndex=0 event=0 ip=2606:4700:a0::8
2026-09-18T11:51:24Z INF Retrying connection in up to 1m4s connIndex=0 event=0 ip=2606:4700:a0::8
2026-09-18T11:51:56Z INF Tunnel connection curve preferences: [X25519MLKEM768 CurveID(65074) CurveP256] connIndex=0 event=0 ip=2606:4700:a0::8
2026-09-18T11:51:56Z ERR Register tunnel error from server side error="Unauthorized: Tunnel not found" connIndex=0 event=0 ip=2606:4700:a0::8
2026-09-18T11:51:56Z INF Retrying connection in up to 1m4s connIndex=0 event=0 ip=2606:4700:a0::8
2026-09-18T11:52:12Z INF Tunnel connection curve preferences: [X25519MLKEM768 CurveID(65074) CurveP256] connIndex=0 event=0 ip=2606:4700:a0::8
2026-09-18T11:52:12Z ERR Register tunnel error from server side error="Unauthorized: Tunnel not found" connIndex=0 event=0 ip=2606:4700:a0::8
2026-09-18T11:52:12Z INF Retrying connection in up to 1m4s connIndex=0 event=0 ip=2606:4700:a0::8
2026-09-18T11:52:23Z INF Tunnel connection curve preferences: [X25519MLKEM768 CurveID(65074) CurveP256] connIndex=0 event=0 ip=2606:4700:a0::8
2026-09-18T11:52:23Z ERR Register tunnel error from server side error="Unauthorized: Tunnel not found" connIndex=0 event=0 ip=2606:4700:a0::8
2026-09-18T11:52:23Z INF Retrying connection in up to 1m4s connIndex=0 event=0 ip=2606:4700:a0::8
2026-09-18T11:52:23Z INF Tunnel connection curve preferences: [X25519MLKEM768 CurveID(65074) CurveP256] connIndex=0 event=0 ip=2606:4700:a0::8
2026-09-18T11:52:23Z ERR Register tunnel error from server side error="Unauthorized: Tunnel not found" connIndex=0 event=0 ip=2606:4700:a0::8
2026-09-18T11:52:23Z INF Retrying connection in up to 1m4s connIndex=0 event=0 ip=2606:4700:a0::8
2026-09-18T11:52:44Z INF Tunnel connection curve preferences: [X25519MLKEM768 CurveID(65074) CurveP256] connIndex=0 event=0 ip=2606:4700:a0::8
2026-09-18T11:52:44Z ERR Register tunnel error from server side error="Unauthorized: Tunnel not found" connIndex=0 event=0 ip=2606:4700:a0::8
2026-09-18T11:52:44Z INF Retrying connection in up to 1m4s connIndex=0 event=0 ip=2606:4700:a0::8
2026-09-18T11:52:45Z INF Tunnel connection curve preferences: [X25519MLKEM768 CurveID(65074) CurveP256] connIndex=0 event=0 ip=2606:4700:a0::8
2026-09-18T11:52:45Z ERR Register tunnel error from server side error="Unauthorized: Tunnel not found" connIndex=0 event=0 ip=2606:4700:a0::8
2026-09-18T11:52:45Z INF Retrying connection in up to 1m4s connIndex=0 event=0 ip=2606:4700:a0::8
2026-09-18T11:53:14Z INF Tunnel connection curve preferences: [X25519MLKEM768 CurveID(65074) CurveP256] connIndex=0 event=0 ip=2606:4700:a0::8
2026-09-18T11:53:14Z ERR Register tunnel error from server side error="Unauthorized: Tunnel not found" connIndex=0 event=0 ip=2606:4700:a0::8
2026-09-18T11:53:14Z INF Retrying connection in up to 1m4s connIndex=0 event=0 ip=2606:4700:a0::8
2026-09-18T11:53:18Z INF Tunnel connection curve preferences: [X25519MLKEM768 CurveID(65074) CurveP256] connIndex=0 event=0 ip=2606:4700:a0::8
2026-09-18T11:53:19Z ERR Register tunnel error from server side error="Unauthorized: Tunnel not found" connIndex=0 event=0 ip=2606:4700:a0::8
2026-09-18T11:53:19Z INF Retrying connection in up to 1m4s connIndex=0 event=0 ip=2606:4700:a0::8
2026-09-18T11:53:49Z INF Tunnel connection curve preferences: [X25519MLKEM768 CurveID(65074) CurveP256] connIndex=0 event=0 ip=2606:4700:a0::8
2026-09-18T11:53:49Z ERR Register tunnel error from server side error="Unauthorized: Tunnel not found" connIndex=0 event=0 ip=2606:4700:a0::8
2026-09-18T11:53:49Z INF Retrying connection in up to 1m4s connIndex=0 event=0 ip=2606:4700:a0::8
2026-09-18T11:53:57Z INF Tunnel connection curve preferences: [X25519MLKEM768 CurveID(65074) CurveP256] connIndex=0 event=0 ip=2606:4700:a0::8
2026-09-18T11:53:57Z ERR Register tunnel error from server side error="Unauthorized: Tunnel not found" connIndex=0 event=0 ip=2606:4700:a0::8
2026-09-18T11:53:57Z INF Retrying connection in up to 1m4s connIndex=0 event=0 ip=2606:4700:a0::8
2026-09-18T11:54:14Z INF Tunnel connection curve preferences: [X25519MLKEM768 CurveID(65074) CurveP256] connIndex=0 event=0 ip=2606:4700:a0::8
2026-09-18T11:54:14Z ERR Register tunnel error from server side error="Unauthorized: Tunnel not found" connIndex=0 event=0 ip=2606:4700:a0::8
2026-09-18T11:54:14Z INF Retrying connection in up to 1m4s connIndex=0 event=0 ip=2606:4700:a0::8
2026-09-18T11:54:44Z INF Tunnel connection curve preferences: [X25519MLKEM768 CurveID(65074) CurveP256] connIndex=0 event=0 ip=2606:4700:a0::8
2026-09-18T11:54:44Z ERR Register tunnel error from server side error="Unauthorized: Tunnel not found" connIndex=0 event=0 ip=2606:4700:a0::8
2026-09-18T11:54:44Z INF Retrying connection in up to 1m4s connIndex=0 event=0 ip=2606:4700:a0::8
2026-09-18T11:55:00Z INF Tunnel connection curve preferences: [X25519MLKEM768 CurveID(65074) CurveP256] connIndex=0 event=0 ip=2606:4700:a0::8
2026-09-18T11:55:00Z ERR Register tunnel error from server side error="Unauthorized: Tunnel not found" connIndex=0 event=0 ip=2606:4700:a0::8
2026-09-18T11:55:00Z INF Retrying connection in up to 1m4s connIndex=0 event=0 ip=2606:4700:a0::8
2026-09-18T11:55:03Z INF Tunnel connection curve preferences: [X25519MLKEM768 CurveID(65074) CurveP256] connIndex=0 event=0 ip=2606:4700:a0::8
2026-09-18T11:55:03Z ERR Register tunnel error from server side error="Unauthorized: Tunnel not found" connIndex=0 event=0 ip=2606:4700:a0::8
2026-09-18T11:55:03Z INF Retrying connection in up to 1m4s connIndex=0 event=0 ip=2606:4700:a0::8
2026-09-18T11:55:22Z INF Tunnel connection curve preferences: [X25519MLKEM768 CurveID(65074) CurveP256] connIndex=0 event=0 ip=2606:4700:a0::8
2026-09-18T11:55:22Z ERR Register tunnel error from server side error="Unauthorized: Tunnel not found" connIndex=0 event=0 ip=2606:4700:a0::8
2026-09-18T11:55:22Z INF Retrying connection in up to 1m4s connIndex=0 event=0 ip=2606:4700:a0::8
2026-09-18T11:55:51Z INF Tunnel connection curve preferences: [X25519MLKEM768 CurveID(65074) CurveP256] connIndex=0 event=0 ip=2606:4700:a0::8
2026-09-18T11:55:51Z ERR Register tunnel error from server side error="Unauthorized: Tunnel not found" connIndex=0 event=0 ip=2606:4700:a0::8
2026-09-18T11:55:51Z INF Retrying connection in up to 1m4s connIndex=0 event=0 ip=2606:4700:a0::8
2026-09-18T11:56:04Z INF Tunnel connection curve preferences: [X25519MLKEM768 CurveID(65074) CurveP256] connIndex=0 event=0 ip=2606:4700:a0::8
2026-09-18T11:56:04Z ERR Register tunnel error from server side error="Unauthorized: Tunnel not found" connIndex=0 event=0 ip=2606:4700:a0::8
2026-09-18T11:56:04Z INF Retrying connection in up to 1m4s connIndex=0 event=0 ip=2606:4700:a0::8
2026-09-18T11:56:04Z INF Initiating graceful shutdown due to signal terminated ...
2026-09-18T11:56:04Z ERR Connection terminated connIndex=0
2026-09-18T11:56:04Z ERR no more connections active and exiting
2026-09-18T11:56:04Z INF Tunnel server stopped
2026-09-18T11:56:04Z INF Metrics server stopped
